She's the man,Bend It Like Beckham,Pele: Birth of a Legend
0.03674954175949097,0.008932177908718586,0.08371896296739578
0.00014618875866290182,0.03753845393657684,0.010570843704044819
-0.04170657694339752,-0.017192557454109192,-0.006414700299501419
0.016622938215732574,0.002988817635923624,0.00937202014029026
-0.022929532453417778,-0.04387255385518074,0.017061712220311165
0.00832444615662098,-0.014944088645279408,0.004960878286510706
-0.020074695348739624,-0.012414561584591866,0.035103678703308105
0.033505406230688095,0.006347810383886099,0.02711593545973301
-0.020762452855706215,-0.011400008574128151,-0.029884489253163338
-0.03846244141459465,-0.023841992020606995,0.01084902323782444
0.007630201056599617,0.015067480504512787,0.025274649262428284
0.02815907634794712,0.005449793767184019,-0.02606944926083088
-0.0036918234545737505,0.001626369310542941,-0.04747606813907623
-0.014092514291405678,-0.01364162191748619,-0.03112967684864998
0.00017477766959927976,0.003969095181673765,-0.025976721197366714
0.006296862382441759,0.022498393431305885,-0.01532639842480421
-0.06965802609920502,0.010214079171419144,-0.028851250186562538
-0.0370350256562233,-0.015040059573948383,0.023194920271635056
-0.01648019626736641,-0.027420345693826675,0.014664065092802048
-0.007143581286072731,0.04022564738988876,0.00953760277479887
0.051179446280002594,0.07990288734436035,0.05701367184519768
0.02725071832537651,0.030299482867121696,0.022095447406172752
0.009550727903842926,0.030134961009025574,0.004818476736545563
0.02412337437272072,0.0372094102203846,-0.00350374449044466
-0.025810323655605316,-0.0004974222392775118,0.02750008925795555
0.0183488167822361,0.002137073315680027,0.029169170185923576
-0.03301230072975159,-0.026707416400313377,-0.008206312544643879
-0.022397495806217194,0.0034275432117283344,-0.01592249795794487
0.022864650934934616,0.003855986287817359,0.00608684541657567
0.027095001190900803,-0.015944931656122208,-0.02151259407401085
0.02583627589046955,0.023129062727093697,0.006249117199331522
-0.040642499923706055,-0.028599420562386513,-0.017286906018853188
-0.008506117388606071,0.05577298253774643,0.0026692042592912912
-0.03895555064082146,-0.021881436929106712,-0.048403337597846985
-0.008415281772613525,-0.014491653069853783,0.021459607407450676
0.03680144622921944,-0.01255166344344616,-0.017260411754250526
-0.043990444391965866,-0.027667129412293434,0.00582522340118885
-0.02067161723971367,0.007478899322450161,-0.015843018889427185
-0.026783563196659088,-0.0020085403230041265,0.005672886967658997
-0.0011857306817546487,-0.03808686137199402,0.01749885268509388
-0.00640067458152771,0.009624541737139225,0.03348758444190025
-0.07785919308662415,0.017329659312963486,-0.0308382511138916
-0.00653043994680047,0.029668815433979034,0.019830266013741493
0.02289060316979885,-0.013579926453530788,0.059927940368652344
0.08341315388679504,0.026707416400313377,0.008199688978493214
-0.014027631841599941,0.01432713121175766,0.003523614490404725
-0.08372458815574646,-0.019770069047808647,0.010001236572861671
0.03218179941177368,0.05059053748846054,0.020426366478204727
0.028340747579932213,0.015410234220325947,0.04257480055093765
0.003360921982675791,0.019153112545609474,0.04519764333963394
-0.03789147734642029,0.007410348393023014,0.02066480740904808
0.011789180338382721,0.009981006383895874,0.028930729255080223
-0.006413651164621115,0.0335899256169796,0.0010291007347404957
0.07479673624038696,0.0748027041554451,0.05955703184008598
0.0054014818742871284,0.002759172348305583,0.009961497038602829
0.009479356929659843,0.005408663302659988,-0.013697057962417603
0.004720213823020458,-0.033041518181562424,-0.011484864167869091
0.03205203637480736,0.05867953971028328,-0.008087093010544777
0.0027039849665015936,0.06959284096956253,-0.01592249795794487
-0.05652577802538872,-0.03068336844444275,-0.009590589441359043
-0.02100900560617447,-0.0009023007587529719,-0.03134162351489067
0.03874792531132698,-0.04856143146753311,0.024267900735139847
-0.0360228531062603,-0.028983306139707565,-0.005643081851303577
-0.031922269612550735,0.018961168825626373,-0.026162175461649895
-0.06643984466791153,-0.01062538381665945,-0.06252428889274597
0.00988162960857153,-0.004246726166456938,-0.018611572682857513
-0.008590464480221272,-0.019166821613907814,-0.05590095371007919
0.009648052044212818,0.0017266249051317573,-0.01198161393404007
-0.03218179941177368,0.011502834968268871,0.0046363347209990025
-0.00785080250352621,-0.010385456494987011,0.00712670898064971
0.04469117894768715,-0.002224475611001253,0.0005886489525437355
-0.017920590937137604,0.026090459898114204,-0.0046893213875591755
-0.06483075767755508,-0.0375932939350605,-0.02221466787159443
-0.0004971633898094296,0.030162381008267403,-0.029699036851525307
0.0004987854626961052,-0.0005205581546761096,-0.061358582228422165
0.0033901191782206297,-0.02840747870504856,-0.009126956574618816
0.012152522802352905,-0.03372702747583389,-0.04265427961945534
0.0755753293633461,-0.003694891696795821,0.07608887553215027
-0.021333420649170876,0.00593993254005909,-0.04273376241326332
-0.014832177199423313,-0.023910541087388992,0.0021641748026013374
-0.0035555700305849314,0.003239028388634324,0.008782543241977692
-0.015026824548840523,0.0014284286880865693,0.015034971758723259
-0.016584008932113647,-0.008877336978912354,-0.027049701660871506
0.009031666442751884,0.011955270543694496,0.008113586343824863
-0.0009902716847136617,-0.0023495808709412813,-0.017909498885273933
-0.006468801759183407,-0.004894531797617674,-0.0026493342593312263
-0.024914942681789398,-0.00756116071715951,-0.0493570975959301
0.01840072311460972,-0.003007669234648347,-0.03942209482192993
0.008837019093334675,-0.06564430892467499,0.003666016273200512
0.010459084995090961,0.020455578342080116,0.012372390367090702
-0.04894748330116272,0.004565487615764141,-0.029275143519043922
0.05115349218249321,-0.008918467909097672,-0.05232435092329979
-0.04884367063641548,-0.04897273704409599,0.01838637888431549
-0.05110158771276474,0.030107541009783745,-0.012577714398503304
-0.0033544336911290884,0.05621170997619629,0.03817690536379814
-0.02164485678076744,0.04368061199784279,-0.0035368611570447683
0.014209303073585033,-0.010865312069654465,0.01890300028026104
0.05029704049229622,-0.03405607119202614,-0.014438871294260025
0.005372284445911646,0.006460919044911861,0.01923416554927826
-0.004480147734284401,-0.016191715374588966,-0.043819986283779144
0.05450143665075302,0.02262178622186184,-0.022545835003256798
0.01681758649647236,0.014861827716231346,-0.0493570975959301
-0.021554021164774895,0.0065808831714093685,-0.040163908153772354
0.004450950771570206,0.07666728645563126,0.04519764333963394
0.023435618728399277,0.06805729866027832,-0.01364407129585743
0.008201168850064278,0.056705277413129807,0.024069201201200485
-0.03075438179075718,0.011818169616162777,-0.04938358813524246
-0.03796933591365814,0.019605547189712524,0.02943410351872444
-0.04827270284295082,0.016287686303257942,-0.04766152426600456
-0.034413766115903854,-0.008130132220685482,-0.012180314399302006
-0.07656154036521912,-0.10414247214794159,-0.07693666219711304
-0.029664354398846626,0.010330615565180779,0.008484493009746075
0.009291197173297405,0.0007463475340045989,0.017141193151474
0.0029878467321395874,-0.006567173171788454,0.05457628518342972
-0.043315667659044266,0.004798560403287411,0.04154156148433685
-0.01265860814601183,0.014848117716610432,0.02135363407433033
0.03189631924033165,0.0689895898103714,0.010093963705003262
-0.0014055207138881087,-0.09306465834379196,-0.021393373608589172
-0.035763323307037354,-0.02640579268336296,-0.037037692964076996
-0.04707885906100273,-0.05212607979774475,-0.020161433145403862
0.026043901219964027,-0.050700221210718155,0.02292998693883419
0.007954614236950874,-0.005885091610252857,-0.04021689295768738
-0.013690241612493992,0.0025329545605927706,-0.038415346294641495
-0.012249846942722797,-0.028709102421998978,-0.007603589445352554
0.019348010420799255,-0.04499678686261177,-0.004914515186101198
0.01274295523762703,0.02665257640182972,0.028983715921640396
-0.03168869391083717,0.003694891696795821,-0.0019058648031204939
0.026887375861406326,0.02683080919086933,0.03436186537146568
-0.06301404535770416,-0.00850716233253479,0.014372638426721096
-0.021099843084812164,-0.04389997571706772,-0.07688368111848831
0.015792440623044968,-0.026488054543733597,0.023234661668539047
-0.026601891964673996,-0.0052955541759729385,-0.015657564625144005
-0.001090028788894415,0.028051014989614487,-0.0038349113892763853
-0.030728429555892944,-0.011722197756171227,0.00031522937933914363
0.009680493734776974,0.04115793853998184,-0.010180066339671612
0.026095807552337646,0.01041287649422884,-0.0024108942598104477
0.005343087483197451,-0.0344947949051857,0.017419371753931046
-0.039734143763780594,-0.009226946160197258,0.0003816696989815682
-0.04110965505242348,-0.025391241535544395,0.0173133984208107
0.016973305493593216,0.026748547330498695,0.009034229442477226
0.023020369932055473,-0.02753002755343914,-0.009557473473250866
0.005699941888451576,-0.007746248040348291,0.019459359347820282
0.0314810685813427,-0.012270605191588402,-0.01643911935389042
-0.0096350759267807,0.02890104427933693,-0.02171129360795021
0.041213467717170715,0.00010582539835013449,0.039634041488170624
0.015065754763782024,0.06416361033916473,0.07698965072631836
-0.02254023775458336,-0.02593964710831642,-0.034202903509140015
0.01067319791764021,0.0015372531488537788,0.014067964628338814
0.026991188526153564,0.023225033655762672,0.013100957497954369
0.0035425934474915266,-0.014601333998143673,0.009027606807649136
0.008875948376953602,-0.009597120806574821,0.0002806638367474079
0.037917427718639374,0.045545194298028946,0.01870429888367653
-0.0017339892219752073,-0.03293183445930481,-0.025685295462608337
-0.00829849299043417,0.01881035789847374,0.0028977093752473593
0.000508923374582082,-0.014902958646416664,-0.03907768055796623
-0.017829755321145058,-0.03161565959453583,-0.02151259407401085
-0.011335001327097416,-0.013072649948298931,0.007808912545442581
-0.01954265870153904,-0.05379872024059296,-0.019114946946501732
-0.0025434005074203014,-0.01632881537079811,-0.022161681205034256
-0.016622938215732574,0.0012107796501368284,-0.003874651389196515
-0.01977623626589775,-0.03454963490366936,-0.022333888337016106
0.01773891970515251,-0.015149741433560848,-0.007921509444713593
-0.009492333978414536,-0.042227331548929214,-0.02028065361082554
0.016246618703007698,-0.02685822919011116,-0.007961248978972435
-0.014092514291405678,0.019194241613149643,0.012008107267320156
-0.03065057098865509,-0.005381242837756872,0.04596594721078873
0.021164724603295326,-0.029175247997045517,-0.055053167045116425
0.0005952984211035073,0.023622628301382065,-0.06178247556090355
0.027432389557361603,-0.025350110605359077,-0.06798191368579865
-0.014429904520511627,0.003021379467099905,0.03452082350850105
-0.01563672162592411,0.009062424302101135,-0.04114415869116783
0.027951451018452644,0.009103555232286453,-0.038256384432315826
-0.03205203637480736,0.02639208361506462,0.03059981018304825
0.020541850477457047,-0.02573399432003498,-0.0022751158103346825
0.02571948803961277,0.042666058987379074,0.029619555920362473
-0.03075438179075718,-0.00481912586838007,-0.018850013613700867
0.019957907497882843,0.04762914031744003,0.01643911935389042
-0.001813470502384007,-0.03778523579239845,0.01712794601917267
-0.01053694449365139,-0.03490610048174858,-0.02644035592675209
0.007883243262767792,0.020770912989974022,-0.01549860555678606
0.0025758417323231697,-0.004517502151429653,0.016505353152751923
0.03241537883877754,0.05725368484854698,-0.004556854721158743
0.024616481736302376,-0.01242827158421278,-0.015392632223665714
-0.017972497269511223,0.004675169009715319,0.006530608981847763
0.012554795481264591,0.029394611716270447,0.036136917769908905
0.05281448736786842,0.007115579675883055,0.03815041109919548
-0.018504535779356956,-0.0474097803235054,-0.03486523777246475
0.05522812157869339,0.03984176367521286,0.0644318088889122
-0.002627747831866145,0.0555536225438118,0.04917164146900177
0.002048670081421733,0.010591108351945877,-0.0059974305331707
0.014455857686698437,-0.0206063911318779,-0.009756173007190228
0.058602020144462585,0.054731011390686035,0.02030714601278305
-0.012957068160176277,0.019564416259527206,-0.0045071798376739025
0.03296039253473282,0.0017009183065965772,0.003200726816430688
0.041265375912189484,-0.029833337292075157,0.023685047402977943
0.01127011887729168,-0.034604478627443314,-0.001760151470080018
0.017764873802661896,0.031478557735681534,0.03642834722995758
0.0028451047837734222,0.01723368838429451,0.004652893170714378
-0.010640757158398628,0.003151626093313098,-0.06427285075187683
0.011010588146746159,-0.0017668985528871417,0.04546257480978966
0.03778766468167305,0.0617506206035614,0.027738530188798904
0.04214777797460556,0.013525085523724556,0.040375854820013046
0.04230349510908127,-0.00804101675748825,-0.014465364627540112
0.027717873454093933,-0.06005055829882622,-0.012796284630894661
-0.0336611270904541,-0.038361065089702606,0.005497368518263102
-0.07915685325860977,-0.011777038685977459,-0.016836518421769142
-0.05206184834241867,-0.07589951902627945,-0.030917730182409286
0.017803803086280823,0.02890104427933693,0.02010844647884369
-0.03680144622921944,-0.0038834065198898315,-0.008199688978493214
-0.03817695751786232,-0.005048771388828754,0.021830514073371887
0.04622241109609604,0.06893475353717804,0.05089370906352997
-0.011075470596551895,-0.03243827074766159,-0.05009891092777252
0.03750218078494072,-0.014573913998901844,0.02050584740936756
-0.02231963723897934,-0.013627911917865276,-0.014597831293940544
-0.012522353790700436,-0.0026991902850568295,-0.02360556833446026
-0.009025178849697113,0.0257751252502203,-1.4152205039863475e-05
-0.00917440839111805,0.06421845406293869,0.014160691760480404
0.04027915745973587,-0.009028148837387562,-0.022969728335738182
0.00759127177298069,-0.035481929779052734,0.012537973932921886
0.057252462953329086,0.030765628442168236,-0.01822741888463497
0.010517479851841927,0.021634653210639954,-0.014518351294100285
0.05019322782754898,0.024774283170700073,-0.026387369260191917
0.06908705830574036,0.06043444201350212,0.05966300517320633
-0.020918169990181923,-0.00020940147805958986,0.023221414536237717
0.047727689146995544,0.0004498650669120252,0.010272793471813202
0.024279093369841576,-0.011091530323028564,0.009974743239581585
0.015143613331019878,0.0018834350630640984,-0.002386056585237384
0.0026261257007718086,0.048725955188274384,0.0556890070438385
-0.04110965505242348,-0.02615901082754135,-0.039448585361242294
0.028859809041023254,0.009699947200715542,0.005616588518023491
0.00046958826715126634,-0.04516131058335304,-0.023062454536557198
-0.02327989973127842,-0.05558104068040848,0.002949040150269866
-0.014637528918683529,0.018261950463056564,0.012365767732262611
0.005274960771203041,0.007485754322260618,-0.031209157779812813
-0.003203581552952528,0.06186030060052872,-0.007802289444953203
-0.0019837873987853527,0.001345310709439218,0.01556483842432499
-0.04923296347260475,-0.018961168825626373,-0.007948002777993679
0.0033868751488626003,0.0012107796501368284,0.04299869388341904
-0.012022757902741432,-0.029449451714754105,0.0013958680210635066
0.004165466874837875,-0.031478557735681534,0.008703063242137432
-0.022747861221432686,0.04587423801422119,-0.006378272082656622
0.0021849237382411957,-0.038607846945524216,-0.012478364631533623
0.034361857920885086,-0.0212507676333189,0.022002721205353737
0.03153297305107117,-0.03331572189927101,0.04964852333068848
-0.0022530504502356052,-0.011619371362030506,-0.021486099809408188
-0.014248233288526535,-0.013627911917865276,0.01681002601981163
0.00616060895845294,-0.018714386969804764,0.010034353472292423
-0.006523951888084412,-0.013634767383337021,-0.032454345375299454
-0.041784435510635376,-0.031670499593019485,-0.021764280274510384
0.008103844709694386,0.031231774017214775,0.016770286485552788
0.019075503572821617,0.012928693555295467,0.04657529667019844
-0.013190645724534988,0.052455123513936996,0.018412873148918152
-0.015299332328140736,-0.011132660321891308,0.012584337964653969
-0.016246618703007698,-0.04475000500679016,0.05526511371135712
-0.011471254751086235,-0.016068322584033012,0.02436062879860401
0.041498951613903046,-0.01510861050337553,0.022267654538154602
0.005232786759734154,-0.0025260993279516697,-0.04835034906864166
0.009492333978414536,-0.0008633124525658786,-0.048403337597846985
0.007941638119518757,0.04294026270508766,-0.007630082778632641
0.018452629446983337,0.02037331648170948,0.034388359636068344
-0.019296104088425636,-0.008582568727433681,0.013531474396586418
0.015610768459737301,0.010680224746465683,-0.05669575184583664
-0.005579909309744835,-0.023471815511584282,-0.07577095925807953
-0.02696523442864418,-0.04225475341081619,-0.01855858601629734
-0.08445127308368683,-0.024801703169941902,0.003907768055796623
0.028314795345067978,0.00871281512081623,0.05012540519237518
0.0013325277250260115,0.0007184987771324813,-0.019711047410964966
0.019672423601150513,0.00380114559084177,-0.03059981018304825
0.020126601681113243,0.02774939127266407,0.06024586036801338
0.0239027738571167,0.02504848688840866,0.020399874076247215
0.03952651843428612,-0.021785466000437737,-0.007411512546241283
0.04110965505242348,0.01966038905084133,0.011054347269237041
0.0026423465460538864,0.04258379712700844,0.02045286074280739
0.02152806706726551,-0.004688879009336233,0.0012319404631853104
-0.010303366929292679,-0.015821540728211403,0.016147691756486893
0.028314795345067978,-0.024486368522047997,-0.011736550368368626
0.016973305493593216,0.016698990017175674,-0.016743792220950127
-0.02457755245268345,-0.019550707191228867,0.021062206476926804
-0.011594532057642937,0.007095014676451683,0.007484368979930878
0.030676523223519325,0.01031005010008812,0.018810272216796875
-0.036567870527505875,0.01151654589921236,7.653057400602847e-05
-0.05533193424344063,-0.05846017971634865,-0.008285792544484138
0.026705704629421234,0.00019162108947057277,-0.0051562669686973095
-0.007493947632610798,-0.02753002755343914,-0.03907768055796623
-0.0026715437415987253,-0.0046477485448122025,0.04564802721142769
-0.009128990583121777,-0.018015166744589806,-0.01434614509344101
0.0016334210522472858,-0.023225033655762672,0.014597831293940544
0.055383842438459396,-0.014930378645658493,-0.010643700137734413
-0.017920590937137604,0.01568443886935711,-0.03380550444126129
-0.02272190898656845,0.025432370603084564,-0.04445583000779152
-0.01676568016409874,-0.00840433593839407,-0.03144759684801102
0.015091707929968834,0.00159466452896595,-0.039130665361881256
0.03358326852321625,-0.024486368522047997,0.022718040272593498
-0.010692662559449673,0.033672183752059937,-0.01329303439706564
-0.01637638360261917,0.046450067311525345,0.014928998425602913
-0.010692662559449673,-0.004376972559839487,0.0024705042596906424
0.01568862795829773,-0.02485654316842556,-0.026400616392493248
-0.0009521531173959374,-0.010556832887232304,0.003112967824563384
-0.031117726117372513,-3.1945775845088065e-05,-0.03987247869372368
0.04373091459274292,0.03910141438245773,-0.00529535673558712
0.06555744260549545,0.02709130197763443,0.04607192054390907
0.06602460145950317,0.03652390092611313,-0.04869476333260536
0.006163853220641613,-0.030765628442168236,0.00998136680573225
0.02706904709339142,0.008315220475196838,0.01086227037012577
0.0064233834855258465,0.01813855953514576,-0.009266046807169914
0.003688579425215721,0.023471815511584282,-0.00101833778899163
0.029275057837367058,-0.034604478627443314,0.011266293935477734
-0.03462138772010803,-0.013621057383716106,-0.04019039869308472
0.04536595940589905,0.059666674584150314,0.024413615465164185
-0.026809517294168472,-0.014957798644900322,-0.006355090532451868
-0.0019318812992423773,-0.00804101675748825,0.033196158707141876
-0.014676458202302456,0.07611887902021408,0.016200678423047066
-0.06945040076971054,-0.050480857491493225,-0.025513088330626488
-0.0010170358000323176,-0.04206281155347824,-0.06337207555770874
-0.03155892714858055,-0.040417589247226715,0.010458246804773808
-0.020632687956094742,-0.0005531198112294078,0.0353156253695488
0.026809517294168472,-0.02999785915017128,-0.006934632547199726
0.0329863466322422,0.04055469110608101,-0.046813737601041794
-0.05219161510467529,0.0020513846538960934,-0.02482426166534424
-0.06602460145950317,-0.010577398352324963,-0.04151506721973419
0.00048783651436679065,-0.026707416400313377,-0.03664029389619827
0.061145421117544174,0.0212507676333189,-0.0318714901804924
-0.020243391394615173,-0.038415905088186264,-0.06681621074676514
-0.005346331279724836,0.048424333333969116,0.029857996851205826
0.01683056354522705,0.0013881550403311849,-0.021962979808449745
-0.010835404507815838,0.021456420421600342,-0.019671306014060974
0.047961264848709106,-0.0064574917778372765,-0.015432371757924557
-0.02486303634941578,-0.004853401333093643,-0.003132837824523449
0.05193208530545235,0.028544580563902855,0.04389946907758713
-0.00651421956717968,0.013264592736959457,-0.005282110068947077
-0.013229575008153915,-0.03745619207620621,-0.027553075924515724
0.01773891970515251,-0.03331572189927101,-0.02938111685216427
-0.01676568016409874,-0.0024369831662625074,-0.009107086807489395
-0.023643242195248604,0.012133503332734108,-0.006888268981128931
-0.020425062626600266,-0.005662301555275917,-0.04395245388150215
-0.02906743250787258,-0.004798560403287411,0.003563354490324855
-0.012308240868151188,-0.003999942913651466,0.034229397773742676
0.03306420519948006,0.02011282369494438,0.00988863967359066
0.009466380812227726,0.016013482585549355,-0.005060228519141674
0.023552406579256058,0.03986918181180954,0.021472854539752007
0.001957834465429187,-0.035235144197940826,-0.014293158426880836
-0.07640582323074341,-0.04304994270205498,-0.017419371753931046
-0.03573737293481827,0.04963082820177078,-0.027208661660552025
-0.00460018077865243,0.052921269088983536,-0.02821541018784046
-0.012710513547062874,-0.00046143302461132407,-0.00021815611398778856
0.009077084250748158,-0.040198229253292084,-0.04530361667275429
-0.005476096644997597,0.02824295684695244,0.08239429444074631
0.007253882009536028,-0.013442824594676495,0.001230284571647644
-0.04440569505095482,0.003355564782395959,-0.017935993149876595
-0.030676523223519325,0.004346124827861786,0.021804019808769226
-0.048116981983184814,0.0042432984337210655,0.013657317496836185
0.006517463363707066,-0.029010726138949394,0.007080345880240202
-0.003503663931041956,-0.006025621201843023,-0.0015796655789017677
-0.0038442977238446474,0.0492195226252079,0.0024754717014729977
-0.000168086655321531,0.034110911190509796,0.007815536111593246
-0.03732050955295563,-0.036633580923080444,-0.050681762397289276
-0.021761644631624222,0.03265763074159622,-0.03380550444126129
0.011257141828536987,0.019523287191987038,0.0017684305785223842
0.07007327675819397,0.015725567936897278,0.03131512925028801
0.026212595403194427,0.044475801289081573,0.03274577111005783
-0.01886787824332714,-0.0288736242800951,-0.027367621660232544
0.04238135740160942,-0.02755744755268097,-0.04795295000076294
-0.022682979702949524,0.025555763393640518,-0.016717299818992615
0.02612175978720188,0.018892617896199226,0.009895263239741325
-0.04136918485164642,0.011783894151449203,-0.06024586036801338
-0.009187385439872742,0.011633082292973995,0.05447031185030937
-0.012619677931070328,0.008438611403107643,-0.002106220694258809
0.010828916914761066,0.004304994363337755,0.057331591844558716
0.03794338181614876,0.04044501110911369,-0.0046893213875591755
0.01659698598086834,0.025829967111349106,-0.023141933605074883
-0.02174866944551468,-0.014464233070611954,-0.08779893815517426
0.00034671672619879246,0.028489740565419197,-0.011405384168028831
0.006598567124456167,-0.0403079092502594,-0.01924741268157959
0.014468833804130554,0.015396524220705032,0.034732770174741745
-0.0035101522225886583,0.03273989260196686,-0.027923982590436935
-0.03223370760679245,-0.06114737316966057,-0.022850507870316505
0.00829849299043417,0.010035846382379532,-0.0008444752893410623
-0.04788340628147125,0.02100398577749729,-0.00407335115596652
-0.024966849014163017,-0.007924480363726616,-0.07444629073143005
0.010089254006743431,-0.0204144474118948,0.02592373453080654
-0.005657768342643976,-0.014066637493669987,0.023155180737376213
0.02560269832611084,0.006841376423835754,0.023035960271954536
0.03132535144686699,0.007574870716780424,0.031580064445734024
-0.012924626469612122,-0.005367532838135958,-0.01356459129601717
0.03127344325184822,0.011585095897316933,-0.05105267092585564
-0.010549921542406082,0.02057896926999092,-0.025513088330626488
-0.011834598146378994,0.010426586493849754,-0.01596223935484886
-0.054812874644994736,-0.041569244116544724,0.011166944168508053
0.04305613413453102,0.017549021169543266,-0.013895758427679539
-0.03506259247660637,0.001669213525019586,0.057861458510160446
0.0471307672560215,-0.018207110464572906,-0.02328764833509922
0.01767403818666935,-0.021456420421600342,-0.044535309076309204
0.035036638379096985,0.03784007951617241,-0.02242661453783512
0.014468833804130554,-0.006927065085619688,0.04601893573999405
-0.01458562258630991,-0.008178118616342545,0.06368999183177948
-0.016687821596860886,-0.01332628820091486,-0.006712750531733036
0.02277381531894207,0.04708073288202286,-0.024069201201200485
0.01407953817397356,0.030820468440651894,-0.010981489904224873
-0.035944994539022446,-0.011461704969406128,0.04707866907119751
0.0015969246160238981,0.011564531363546848,0.007424759212881327
0.08953807502985,-0.010728210210800171,-0.03203045204281807
0.02531721629202366,-0.035481929779052734,-0.008325533010065556
-0.0007116817287169397,-0.012647634372115135,0.04458829388022423
0.019620517268776894,-0.0029254083056002855,-0.04148857295513153
-0.006897027138620615,-0.01675383187830448,0.0009405136224813759
-0.041602764278650284,0.012441982515156269,-0.036507826298475266
-0.03841053694486618,-0.027612289413809776,-0.06988943368196487
0.053619034588336945,0.010296340100467205,0.041568055748939514
-0.0015579949831590056,-0.013168620876967907,-0.06437882035970688
0.02536912076175213,-0.03921109437942505,0.0014140821294859052
-0.024837084114551544,-0.00231873313896358,0.00016723922453820705
-0.032830629497766495,-0.01510861050337553,0.02781800925731659
0.04328971356153488,0.06822182238101959,0.033169664442539215
0.03451757878065109,0.061257053166627884,-0.0053384085185825825
0.03649000823497772,0.04181602969765663,-0.014081211760640144
0.011322025209665298,-0.0013658760581165552,-0.012809530831873417
0.0015012226067483425,0.0014901245012879372,-0.0046893213875591755
-0.0011013832408934832,-0.01898859068751335,0.013445370830595493
0.009232803247869015,0.025185588747262955,-0.033540572971105576
0.06384453922510147,0.029257509857416153,0.03587198629975319
0.007500436156988144,0.025021066889166832,0.011716680601239204
-0.03171464428305626,0.01701432466506958,0.00859046634286642
0.0008621283923275769,-0.040170807391405106,-0.01837313361465931
-0.011698344722390175,0.03136887773871422,0.01216044370085001
0.04214777797460556,-0.024801703169941902,0.00849111657589674
0.008123309351503849,0.05928278714418411,0.04827087000012398
0.03994176909327507,0.038196541368961334,0.01804196648299694
-0.04798721894621849,-0.06224418431520462,-0.017048465088009834
0.021956292912364006,-0.005494351964443922,0.02470504119992256
0.02487601339817047,-0.00951485987752676,0.020519092679023743
0.0010243350407108665,0.01085160207003355,0.00022333060042001307
0.04905129224061966,0.0037668701261281967,-0.026334382593631744
-0.03443971648812294,0.00231873313896358,0.02360556833446026
0.023422641679644585,0.05053569748997688,0.07423434406518936
-0.0202823206782341,-0.03734651207923889,0.007371772546321154
-0.01631150208413601,-0.03589323163032532,0.007921509444713593
-0.03036508709192276,0.002884277608245611,-0.01338576152920723
0.026601891964673996,0.03896431252360344,0.03258680924773216
0.013073856942355633,0.031259194016456604,0.03611042723059654
-0.02311120554804802,-0.05078248307108879,-9.055341797647998e-05
-0.014442880637943745,-0.04590165987610817,0.0040336111560463905
0.017064141109585762,0.0005372674204409122,0.02556607499718666
0.03519235551357269,-0.0006880793371237814,0.023194920271635056
-0.008162238635122776,0.027817942202091217,0.0392366386950016
-0.014377998188138008,-0.03271247446537018,-0.043661028146743774
-0.038047194480895996,0.006762542761862278,-0.035792507231235504
0.0377098023891449,-0.006039331201463938,0.04064078629016876
-0.043756868690252304,-0.01612316444516182,-0.016028471291065216
-0.006047064438462257,-0.03789491951465607,-0.02697022259235382
-0.0009472868987359107,-0.007485754322260618,0.003437511157244444
0.005103021394461393,0.03128661587834358,-0.015869511291384697
-0.020022790879011154,-0.01702803559601307,-0.03356706351041794
-0.006238467991352081,0.018412763252854347,0.010325780138373375
0.011828109622001648,-0.018851488828659058,-0.03581899777054787
-0.02797740511596203,0.0117564732208848,0.009597213007509708
0.03885173797607422,0.06153125688433647,0.017618073150515556
0.022981438785791397,0.02615901082754135,0.034202903509140015
0.024006584659218788,0.03287699446082115,-0.02679801546037197
-0.034751154482364655,0.040636952966451645,-0.029195662587881088
-0.041836339980363846,0.014107768423855305,-0.0046893213875591755
-0.017297718673944473,-0.002839719643816352,0.004089909605681896
-0.02277381531894207,0.03764813393354416,-0.020585326477885246
-0.049933698028326035,0.027694549411535263,0.0563778318464756
-0.027951451018452644,-0.014066637493669987,0.027712035924196243
-0.03916317597031593,0.02240242250263691,0.002558263251557946
-0.015091707929968834,0.027187272906303406,0.031050197780132294
0.049258917570114136,0.051605090498924255,0.008133456110954285
0.07900112867355347,0.019756359979510307,0.016598079353570938
-0.01619471237063408,-0.07112837582826614,-0.03709067776799202
-0.008532070554792881,-0.07277359813451767,-0.050151895731687546
-0.01676568016409874,0.009089845232665539,-0.02977851592004299
0.01993195340037346,0.022923409938812256,-0.0007861071499064565
-0.02906743250787258,-0.026981620118021965,-0.02136688120663166
0.00715006934478879,0.037044886499643326,0.017935993149876595
-0.02974221296608448,0.016904642805457115,0.0032239085994660854
-0.02486303634941578,0.0163425263017416,8.439578232355416e-05
-0.017712967470288277,0.07979320734739304,-0.025605814531445503
-0.028859809041023254,-0.06059896573424339,-0.03062630444765091
0.010601826943457127,-0.039073992520570755,-0.044164400547742844
-0.053670939058065414,-0.04812270775437355,-0.06157052889466286
0.01745343580842018,0.003045372199267149,0.048376843333244324
0.052373286336660385,0.020647520199418068,-0.04959553852677345
-0.01345666404813528,0.00369831919670105,0.01410770509392023
0.010699151083827019,0.0019365620100870728,-0.022479601204395294
-0.023020369932055473,-0.011393154039978981,-0.07116111367940903
-0.04046082869172096,-0.013696462847292423,-0.03695821389555931
0.021255560219287872,0.015218292362987995,-0.014359391294419765
0.030728429555892944,0.016493339091539383,0.0007654092041775584
-0.0022595387417823076,-0.012112937867641449,-0.0281889159232378
-0.02475922368466854,-0.022457264363765717,-0.04835034906864166
0.025706510990858078,-0.005607460625469685,-0.04111766815185547
0.014468833804130554,0.027200983837246895,-0.013028101064264774
-0.026420220732688904,-0.026350952684879303,0.06665725260972977
-0.014637528918683529,-0.016479628160595894,-0.014915751293301582
0.010387714020907879,-0.006567173171788454,-0.06724010407924652
0.027847638353705406,0.006508904509246349,-0.03062630444765091
0.023383712396025658,-0.0016023764619603753,0.035977959632873535
-0.02442183531820774,-0.026117879897356033,-0.04917164146900177
-0.01163994986563921,0.00035946359275840223,-0.019393127411603928
-0.05307401716709137,-0.04738235846161842,-0.0007459531771019101
0.03482901304960251,0.026241270825266838,0.0026311201509088278
-0.034361857920885086,-0.018042588606476784,-0.007901639677584171
-0.02662784606218338,-0.007293811999261379,0.0024622250348329544
0.02163187973201275,0.01399123203009367,0.008113586343824863
-0.008986248634755611,0.013292012736201286,0.06273623555898666
-0.026433197781443596,-0.008034161292016506,-0.005831846967339516
-0.027510249987244606,-0.010268920101225376,0.012769791297614574
0.012593724764883518,-0.027146141976118088,-0.005811976734548807
-0.026251526549458504,0.0081712631508708,2.6855555915972218e-05
-0.016077924519777298,-0.042666058987379074,-0.04058780148625374
-0.015143613331019878,-0.0013178903609514236,-0.004563478287309408
0.01269104890525341,-0.003773725125938654,0.010067470371723175
-0.04048678278923035,0.0034395395778119564,0.011557720601558685
0.039682235568761826,-0.03981434181332588,-0.010908633470535278
0.02282572165131569,-0.000803330447524786,0.017750538885593414
-0.023980632424354553,0.01466988492757082,0.01330628152936697
0.013119274750351906,0.002834578277543187,0.014465364627540112
0.02237154170870781,0.03156081959605217,0.026639055460691452
0.019244197756052017,-0.0197015181183815,0.008822282776236534
-0.015532909892499447,0.024445239454507828,-0.005076786503195763
-0.025239355862140656,0.018645836040377617,-0.004851593170315027
0.004642354790121317,0.019962012767791748,0.017008725553750992
0.0004570172750391066,0.017823224887251854,0.02118142694234848
-0.02640724368393421,0.0127573162317276,-0.004083286505192518
0.024785177782177925,-0.010124962776899338,0.01994948647916317
-0.049829885363578796,-0.03427543118596077,-0.03356706351041794
-0.0003621263604145497,-0.012243184261023998,-0.004738996736705303
0.018270958214998245,0.010632239282131195,0.0248507559299469
-0.010627780109643936,-0.04658716917037964,-0.0016831551911309361
-0.0038345654029399157,-0.03910141438245773,0.01941961981356144
0.006608299445360899,0.02462347038090229,0.034573812037706375
-0.01721985824406147,-0.008527727797627449,-0.0012128982925787568
0.002932696370407939,0.005559475161135197,0.024811014533042908
-0.005670744925737381,0.0001704131718724966,-0.010074093006551266
-0.0031646520365029573,-0.016424788162112236,-0.060510795563459396
0.033168017864227295,0.01342911459505558,0.059927940368652344
-0.0461185984313488,0.013826709240674973,-0.02624165639281273
-0.03911127150058746,0.04200797155499458,0.008292416110634804
0.007675619330257177,-0.00045072194188833237,-0.01004759967327118
0.00903815496712923,-0.03474158048629761,0.021751033142209053
-0.009057619608938694,0.0021713487803936005,-0.003250401932746172
0.0049116178415715694,0.0069613405503332615,0.026334382593631744
0.026082830503582954,0.03515288233757019,0.04442933574318886
0.0009383655269630253,0.03633195906877518,0.02153908647596836
-0.019672423601150513,-0.01924908347427845,-0.011359020136296749
0.005881613586097956,0.01743934117257595,0.002957319375127554
0.005667500663548708,0.015094900503754616,0.018333392217755318
-0.03643810376524925,0.019632967188954353,-0.033699531108140945
0.013625359162688255,-0.009336628019809723,-0.009378642775118351
-0.01453371625393629,0.029476871713995934,0.011325904168188572
0.003471222473308444,-0.0415966659784317,-0.01119343750178814
-0.011795667931437492,-0.01765870302915573,-0.03581899777054787
0.024214209988713264,0.01905713975429535,-0.0023844006936997175
-0.02226773090660572,-0.008226104080677032,-0.029805010184645653
0.004830514546483755,0.034357693046331406,0.006828658748418093
0.017427483573555946,0.005665728822350502,0.016929246485233307
0.015935182571411133,0.013394839130342007,-0.017114698886871338
-0.009154943749308586,-0.012202054262161255,0.009875393472611904
0.002196278190240264,-0.0018285943660885096,-0.02361881546676159
0.022306660190224648,-0.005281844176352024,0.03250733017921448
0.017998451367020607,0.024500079452991486,-0.008272546343505383
0.007085186894983053,-0.029175247997045517,0.010650323703885078
-0.017946545034646988,0.01219519879668951,0.03621640056371689
0.004175199195742607,-0.023636339232325554,0.010279417037963867
0.03423209488391876,-0.007280101999640465,-0.020929740741848946
-0.0001960672962013632,0.01074877567589283,0.0009686628472991288
-0.029249105602502823,-0.005079619120806456,-0.001991968136280775
0.0261736661195755,-0.0026923352852463722,-0.005593406967818737
0.010491526685655117,-0.018659545108675957,-0.012723427265882492
0.00448988052085042,-0.013422259129583836,-0.032798755913972855
0.03415423259139061,-0.03871753066778183,-0.03203045204281807
0.012535330839455128,-0.004167892504483461,0.0116504468023777
0.009836211800575256,0.004092486575245857,-0.008034106343984604
-0.040876079350709915,-0.022306451573967934,-0.002248622477054596
-0.021852480247616768,-0.031176934018731117,-0.006040481850504875
0.0054404111579060555,0.019619258120656013,-0.013710304163396358
0.011808644980192184,-0.0022450408432632685,0.01540587842464447
-0.0004480959032662213,0.004976792726665735,0.0012741641839966178
0.006034087855368853,0.04247411713004112,0.04917164146900177
-0.04136918485164642,-0.010762485675513744,-0.029619555920362473
-0.004528809804469347,-0.013230317272245884,-0.028109436854720116
-0.010206042788922787,-0.020921723917126656,-0.0005799558130092919
-0.028185028582811356,-0.012016966938972473,-0.0462573766708374
-0.031117726117372513,-0.0074651893228292465,0.04310466721653938
-0.017193906009197235,-0.01096128299832344,0.02750008925795555
-0.012535330839455128,-0.0034978080075234175,0.013094334863126278
0.01590922847390175,-0.002704331651329994,0.008067222312092781
0.004593692719936371,-0.006111309863626957,-0.029487090185284615
-0.0021605927031487226,-0.007293811999261379,0.04917164146900177
0.010355273261666298,0.0217032041400671,0.018161186948418617
-0.0024752735625952482,0.01286699716001749,0.03375251963734627
-0.02610878460109234,-0.0067968182265758514,0.005951066967099905
-0.008415281772613525,0.041075680404901505,-0.009782666340470314
-0.00880457740277052,0.010042701847851276,0.007736056111752987
0.007980567403137684,-0.013010954484343529,-0.010577467270195484
-0.03075438179075718,0.0040993415750563145,-0.03356706351041794
-0.0009870275389403105,-0.04675168916583061,0.017724046483635902
-0.022812744602560997,-0.012729896232485771,-0.008696439675986767
-0.04570334777235985,-0.02392425201833248,0.010517857037484646
-0.040019627660512924,-0.013387983664870262,0.014915751293301582
0.015935182571411133,-0.031204354017972946,0.0018379755783826113
-0.0281071700155735,-0.026049328967928886,-0.01647885888814926
-0.011964363045990467,-0.00760229118168354,-0.03234837204217911
0.008759159594774246,0.01221576426178217,-0.025261402130126953
-0.026653798297047615,0.03784007951617241,0.0072194356471300125
-0.03846244141459465,0.00884306151419878,-0.00669619208201766
0.006569369696080685,0.023814570158720016,-0.014915751293301582
-0.026705704629421234,-0.005298981908708811,0.0002541705034673214
-0.005518270656466484,0.04886305704712868,-0.026519834995269775
-0.012353659607470036,0.02126447856426239,-0.022996220737695694
-0.009232803247869015,-0.022100798785686493,0.0004921966465190053
0.008376351557672024,0.06372488290071487,0.06130559369921684
0.016350431367754936,0.039046574383974075,-0.012564467266201973
-0.045807160437107086,-0.011153225786983967,-0.01557808555662632
0.010777010582387447,0.017987746745347977,0.05105267092585564
0.038773879408836365,0.0028551435098052025,0.0034739396069198847
-0.026433197781443596,-0.028818784281611443,0.007683069445192814
0.0008702386985532939,-0.0013298868434503675,-0.023221414536237717
-0.041914202272892,-0.006875651888549328,0.0233008936047554
-0.03176655247807503,0.022964540868997574,0.011107333935797215
-0.01515659037977457,-0.02600819803774357,-0.0033613427076488733
-0.026472127065062523,0.011201211251318455,0.0007347763166762888
0.03539998084306717,0.015081190504133701,-0.027420608326792717
0.005391749553382397,0.04543551430106163,0.02587074786424637
-0.02124258503317833,-0.03737393021583557,0.0022668365854769945
0.037865523248910904,0.06345067918300629,0.017710799351334572
-0.0033414571080356836,-0.02395167201757431,-0.0022867065854370594
0.018543465062975883,0.009926165454089642,-0.0011847491841763258
-0.005310646258294582,0.011125805787742138,0.012981737963855267
0.005599373951554298,-0.017069164663553238,0.03780600056052208
0.02531721629202366,-0.010796761140227318,0.02821541018784046
-0.00536904064938426,-0.023622628301382065,-0.026016462594270706
0.012256335467100143,-0.009871324524283409,0.0006987618980929255
0.008019497618079185,0.0033230031840503216,0.021221166476607323
0.020606733858585358,0.015300553292036057,0.0356600396335125
0.04201801121234894,0.022895989939570427,0.009829030372202396
-0.000313464377541095,-0.002080518752336502,0.030175916850566864
-0.008343910798430443,-0.03537224605679512,-0.02694372832775116
0.01993195340037346,-0.018618416041135788,-0.008365272544324398
0.0019075502641499043,0.026789678260684013,0.0026211850345134735
0.02102198265492916,-0.01949586533010006,0.0164523646235466
-0.04479499161243439,-0.008322075009346008,0.03513017296791077
0.006929468363523483,0.005556047894060612,-0.0023976473603397608
0.02033422701060772,-0.01095442846417427,0.004378024954348803
0.014326091855764389,0.04768398404121399,0.021751033142209053
-0.005570176523178816,-0.011722197756171227,-0.0038282880559563637
0.016246618703007698,-0.0112080667167902,0.011266293935477734
0.005998402368277311,-0.031231774017214775,0.041382599622011185
-0.016960328444838524,-0.012695620767772198,0.01575029268860817
-0.0196075402200222,-0.02459605038166046,-0.004768801387399435
-0.005800510291010141,-0.0015912370290607214,-0.0060471054166555405
0.015104684047400951,0.024129904806613922,-0.005414576735347509
0.04256302863359451,0.04546293243765831,0.023208167403936386
-0.021891411393880844,-0.002423273166641593,-0.004530361387878656
0.020658640190958977,0.006550035439431667,0.022691547870635986
-0.014935988932847977,0.005573185160756111,0.01268368773162365
0.0030819266103208065,-0.04313220456242561,0.016849765554070473
0.010815939866006374,-0.01443681214004755,-0.01678353175520897
-0.03892959654331207,-0.010947572998702526,0.027420608326792717
-0.01744046062231064,-0.0021542110480368137,0.01906196027994156
0.010582362301647663,0.0014121478889137506,-0.04480024054646492
0.05590290203690529,0.022909699007868767,-0.008352026343345642
-0.013612383045256138,0.010906442999839783,-0.002208882477134466
-0.021450208500027657,-0.022306451573967934,-0.02641386166214943
-0.01971135288476944,0.06986704468727112,0.026533082127571106
-0.06015920639038086,-0.02085317298769951,-0.004364778287708759
0.001194652053527534,0.011242342181503773,-0.01479653175920248
-0.00772103713825345,0.014354551210999489,-0.014809777960181236
0.0027769780717790127,-0.00773253757506609,-0.03147409111261368
-0.0020875995978713036,-0.05122120678424835,-0.01769755221903324
0.03983795642852783,0.07600919902324677,0.028082942590117455
-0.011931922286748886,-0.03531740605831146,0.01752534508705139
0.005232786759734154,0.010762485675513744,0.0030202409252524376
-0.03155892714858055,-0.0012476257979869843,0.01076292060315609
0.050790149718523026,-0.01949586533010006,0.02922215685248375
-0.007240905426442623,-0.02101769484579563,0.00046653120080009103
0.013975725509226322,-0.021662073209881783,-0.02242661453783512
-0.02316311188042164,-0.010556832887232304,0.005292044952511787
-0.00345500186085701,0.012606504373252392,-0.005348343402147293
0.0308062881231308,0.05028891563415527,0.027235155925154686
-0.0011297693708911538,0.021799175068736076,-0.04458829388022423
-0.025615675374865532,-0.019962012767791748,-0.006163013633340597
0.004476903937757015,-0.02079833298921585,-0.003990559838712215
0.00835688691586256,-0.03378186747431755,-0.02292998693883419
0.0360228531062603,0.014176319353282452,-0.030520331114530563
-0.043653056025505066,-0.003797717858105898,-0.012975114397704601
-0.013417734764516354,0.003917681984603405,-0.017459113150835037
0.022760838270187378,0.023471815511584282,0.018995726481080055
0.0032603538129478693,-0.0027506034821271896,0.011080840602517128
-0.027458343654870987,-0.00930235255509615,0.001047314959578216
-0.039786048233509064,0.02194998785853386,-0.04252181574702263
0.017349625006318092,-0.0017960326513275504,-0.004589971620589495
0.03155892714858055,0.00863055419176817,-0.03489173203706741
-0.012535330839455128,0.01749418117105961,0.00036531835212372243
0.02797740511596203,0.04719041660428047,0.027765022590756416
-0.016739727929234505,-0.020003141835331917,0.018002226948738098
-0.02667975053191185,0.007485754322260618,0.012107457034289837
-0.0028597034979611635,0.005203010514378548,0.011637200601398945
-0.02787359245121479,-0.04036274924874306,0.0106701934710145
-0.07142283767461777,-0.1169203594326973,-0.12017379701137543
-0.013586429879069328,0.01927650347352028,0.035580556839704514
0.042121823877096176,0.03128661587834358,-0.029010210186243057
-0.03477710857987404,-0.015492496080696583,-0.023936735466122627
-0.006251444574445486,-0.012640779837965965,-0.03857430815696716
-0.03573737293481827,-0.01812484860420227,-0.03881274536252022
-0.023747054859995842,-0.02711872197687626,0.009703186340630054
-0.04650789499282837,-0.010522558353841305,-0.05621887370944023
0.022228799760341644,0.003021379467099905,0.004152831621468067
0.007442041300237179,0.03424801304936409,-0.03714366629719734
0.011672391556203365,-0.02530897967517376,0.020744286477565765
-0.03171464428305626,-0.04124020040035248,0.011743173934519291
-0.014689435251057148,-0.021456420421600342,0.01198161393404007
0.03070247732102871,-0.0067968182265758514,0.028453849256038666
-0.02412337437272072,-0.009528569877147675,0.03203045204281807
-0.005021918099373579,-0.018892617896199226,-0.025128934532403946
0.01453371625393629,0.011461704969406128,0.01837313361465931
-0.0004105856060050428,-0.005624598357826471,-0.009365396574139595
0.01727176457643509,0.04751946032047272,0.02063831314444542
0.012541819363832474,0.01466988492757082,-0.027089443057775497
0.006274153478443623,-0.007526885252445936,0.010531103238463402
0.01982814259827137,0.011064109392464161,0.002563230926170945
0.011185770854353905,-0.004342697560787201,0.019141439348459244
-0.002567731309682131,-0.026721127331256866,-0.04570101574063301
-0.008791601285338402,-0.03869010880589485,0.04986046999692917
0.04305613413453102,0.007307522464543581,-0.013279788196086884
-0.029768165200948715,-0.024527499452233315,-0.025128934532403946
-0.01274295523762703,-0.0026512048207223415,0.04533010721206665
-0.011030052788555622,0.0011447994038462639,-0.004189259838312864
-0.041888248175382614,-0.022717757150530815,0.00919981300830841
0.02815907634794712,0.029943017289042473,0.041568055748939514
-0.014377998188138008,0.054731011390686035,-0.0162801593542099
0.041940152645111084,-0.003962240181863308,-0.004715814720839262
0.00144120620097965,0.02354036644101143,0.022333888337016106
0.055539559572935104,0.023883121088147163,-0.013001607730984688
-0.02424016408622265,0.00710186967626214,0.01294199749827385
-0.002360106911510229,0.0288736242800951,-0.03706418722867966
-0.015545886009931564,-0.004798560403287411,-0.024254655465483665
-0.011549114249646664,0.003227032022550702,0.016836518421769142
-0.004545030649751425,-0.0026374945882707834,-0.01940637268126011
-0.03643810376524925,-0.018865197896957397,0.0185850802809
0.009161432273685932,0.03805943951010704,-0.0009968120139092207
-0.02906743250787258,-0.04115793853998184,-0.03293122351169586
0.019114432856440544,-0.0097205126658082,-0.006629958748817444
0.0018897076370194554,0.016726411879062653,0.0010506266262382269
0.007111140061169863,-0.035948075354099274,-0.05394044518470764
0.029586493968963623,-0.002498679095879197,0.010133703239262104
-0.02152806706726551,0.020071692764759064,-0.025764774531126022
0.019983859732747078,0.025884807109832764,0.015896005555987358
-0.02021743729710579,-0.029476871713995934,0.0022982973605394363
0.020632687956094742,0.004236443433910608,0.009703186340630054
-0.04757196828722954,0.00985075905919075,-0.03205694258213043
0.00948584545403719,0.011495980434119701,0.011272917501628399
0.0045515187084674835,-0.03194470331072807,-0.015286658890545368
0.04100584238767624,0.04409191757440567,-0.0052092536352574825
-0.041602764278650284,-0.015506206080317497,-0.03112967684864998
-0.006043820176273584,-0.02168949320912361,-0.030414357781410217
-0.0422515906393528,-0.05261964350938797,-0.04514465481042862
-0.030261274427175522,-0.019372474402189255,-0.01786975935101509
0.006189805921167135,-0.014018652029335499,-0.00892825610935688
0.00909006129950285,0.01900229975581169,0.0295665692538023
-0.023604312911629677,0.01971522904932499,0.00656703719869256
-0.008564511314034462,-0.004901386797428131,0.003397771157324314
0.014040608890354633,0.007211551070213318,0.019658060744404793
-0.024318022653460503,-0.035481929779052734,-0.009497863240540028
0.0015515066916123033,-0.007588580716401339,0.011041100136935711
-0.013807030394673347,-0.004390683025121689,-0.021486099809408188
0.028626231476664543,-0.017357079312205315,0.03605743870139122
-0.025239355862140656,-0.04839691147208214,-0.02151259407401085
0.01942586898803711,0.02459605038166046,0.01401497796177864
-0.04170657694339752,-0.0339738093316555,-0.04389946907758713
0.012489913031458855,0.023115351796150208,-0.009338903240859509
-0.027406437322497368,0.010433441959321499,-0.013346021063625813
-0.014377998188138008,0.0015355393989011645,0.002086350694298744
-0.011886503547430038,0.0024284145329147577,-0.009511109441518784
0.00664398493245244,0.018467603251338005,0.007139955647289753
0.019062526524066925,0.021854016929864883,-0.006719374097883701
-0.003957842476665974,-0.021182216703891754,-0.00033654822618700564
0.044898804277181625,0.029394611716270447,0.02221466787159443
-0.005716162733733654,0.03243827074766159,0.015114451758563519
-0.005755092483013868,0.01221576426178217,0.000712836510501802
0.016272572800517082,0.050919584929943085,-0.01890300028026104
-0.016791634261608124,-0.02037331648170948,0.008795789442956448
0.002713717520236969,-0.0025706575252115726,-0.029116183519363403
-0.003347945399582386,-0.009713658131659031,-0.0233008936047554
-0.027510249987244606,0.023663759231567383,-0.001078775734640658
-0.037424322217702866,0.016657860949635506,0.03793846443295479
0.0040194811299443245,0.019879750907421112,-0.027023209258913994
-0.00877862423658371,-0.021401580423116684,-0.031262144446372986
0.007396623492240906,0.013799289241433144,-0.014584585092961788
-0.027510249987244606,-0.03372702747583389,-0.021221166476607323
-0.01925717480480671,0.012709330767393112,0.03414991870522499
0.010037347674369812,0.023403266444802284,0.008961373008787632
0.014650505036115646,0.010865312069654465,-0.034547317773103714
-0.011516672559082508,0.006700847297906876,0.02695697546005249
0.01648019626736641,0.05168735235929489,0.00019528491247911006
0.016168760135769844,0.021182216703891754,0.03465329110622406
-0.0032068255823105574,-0.0012656203471124172,0.012451871298253536
-0.07012518495321274,-0.05097442492842674,-0.05478823184967041
-0.049648214131593704,0.0045003644190728664,-0.010133703239262104
-0.002437966177240014,0.034604478627443314,-0.008802413009107113
-0.009161432273685932,0.016287686303257942,0.004583348054438829
-0.0007733202655799687,-0.025418661534786224,-0.009842276573181152
-0.01197734009474516,0.01749418117105961,-0.009544226340949535
0.059847768396139145,-0.011379444040358067,0.0015134321292862296
0.03869602084159851,-0.006879079155623913,-0.015684058889746666
0.0037404855247586966,-0.018193399533629417,0.011796160601079464
0.025070661678910255,0.0167949628084898,-0.02379102073609829
0.021787598729133606,0.0006555176805704832,0.01478328462690115
0.02068459242582321,0.017644992098212242,0.0007629254832863808
-0.03392065688967705,0.014724725857377052,0.029699036851525307
-0.0016431534895673394,0.010673370212316513,0.008756049908697605
-0.0037567061372101307,0.013312578201293945,-0.0036759511567652225
-0.005949740298092365,-0.013689608313143253,-0.020757533609867096
-0.01880299672484398,0.02554205246269703,0.0095508499071002
0.011944898404181004,0.022265320643782616,0.03534211963415146
0.02117770165205002,-0.0007823367486707866,-0.029513582587242126
-0.01903657428920269,0.04096599668264389,-0.011690187267959118
-0.017868686467409134,0.0036469059996306896,-0.011385513469576836
0.009492333978414536,0.025583183392882347,-0.015617825090885162
0.022189870476722717,-0.013627911917865276,0.020519092679023743
0.03573737293481827,0.02149755135178566,0.04066728055477142
0.0009059241856448352,0.0025586611591279507,-0.04352856054902077
-0.04819484427571297,0.04902758076786995,0.032136425375938416
-0.003406339790672064,-0.00554233742877841,0.01853209361433983
0.008369863964617252,0.010865312069654465,0.00411309115588665
-0.0063876984640955925,0.023787150159478188,-0.021128440275788307
-0.051127538084983826,-0.024212166666984558,-0.02972552925348282
0.0008548290934413671,0.014779566787183285,0.010014483705163002
0.05188017711043358,0.04886305704712868,0.010272793471813202
0.052321381866931915,-0.009494295343756676,-0.02116817981004715
0.012983021326363087,0.02216934971511364,0.02678476832807064
-0.01003086008131504,-0.005000785458832979,0.011888887733221054
0.027095001190900803,0.0326850526034832,0.028056450188159943
-0.0012846767203882337,0.015588467009365559,-0.00655710231512785
0.013845960609614849,0.0018165980000048876,-0.04321064054965973
0.004395800642669201,0.0037394496612250805,0.019830266013741493
-0.02255321480333805,-0.014039217494428158,-0.01801547221839428
-0.002630992094054818,-0.025171877816319466,-0.0021641748026013374
0.026991188526153564,0.045819398015737534,0.045568548142910004
-0.023383712396025658,-0.000470001861685887,-0.013418877497315407
-0.015545886009931564,0.014971508644521236,0.015339645557105541
-0.010257949121296406,-0.009487439878284931,0.018651312217116356
-0.011263630352914333,-0.006176433060318232,-0.010709933936595917
-0.01772594451904297,-0.013161766342818737,-0.013803031295537949
-0.0007051934371702373,0.002945973537862301,0.036136917769908905
0.0002504065341781825,0.000816183746792376,-0.004791983403265476
0.022929532453417778,-0.018234530463814735,0.05939807370305061
0.012055198661983013,0.005662301555275917,0.011458370834589005
0.0007347961654886603,-0.02757115848362446,-0.032136425375938416
-0.009628587402403355,0.003879979019984603,-0.02010844647884369
-0.008317957632243633,-0.020003141835331917,-0.006355090532451868
-0.03698311746120453,-0.0452161505818367,-0.0329047292470932
-0.0270171407610178,0.016178004443645477,0.009994613006711006
-0.04606669023633003,0.007910770364105701,-0.0013577837962657213
0.06280642002820969,-0.015273133292794228,-0.014081211760640144
-0.0006411218200810254,0.017562732100486755,0.03584549203515053
-0.025472933426499367,-0.013045229949057102,-0.03253382444381714
0.002553132828325033,0.031697921454906464,0.021645059809088707
-0.0016804609913378954,-0.016411077231168747,0.0031013768166303635
-0.018322864547371864,0.017192557454109192,-0.019644813612103462
-0.043756868690252304,0.00030098113347776234,-0.022837260738015175
-0.014455857686698437,0.013669042848050594,0.013047970831394196
0.013041415251791477,-0.009542280808091164,-0.002692385809496045
-0.004762387368828058,-0.017096586525440216,-0.01625366508960724
-0.04012344032526016,-0.0029305494390428066,-0.034732770174741745
-0.012652119621634483,-0.024472659453749657,-0.022108694538474083
0.012833790853619576,0.0415966659784317,0.020691299811005592
-0.006981374695897102,-0.016644150018692017,0.009477993473410606
-0.002957027405500412,-0.008603133261203766,0.0016260289121419191
0.05224351957440376,0.05187929421663284,0.03258680924773216
-0.0360228531062603,-0.05020665377378464,-0.022850507870316505
0.002796442713588476,-0.026913069188594818,-0.03181850537657738
-0.00547934090718627,-0.02931234985589981,-0.020174680277705193
-0.029768165200948715,-0.02079833298921585,-0.018677806481719017
-0.011795667931437492,-0.00388683401979506,-0.008722933009266853
-0.0007493947632610798,0.0022947401739656925,-0.005007241852581501
0.009343103505671024,-0.018700676038861275,-0.0239897221326828
-0.024564577266573906,0.019413605332374573,-0.019499100744724274
-0.005008941516280174,0.008191828615963459,-0.0059179505333304405
-0.018504535779356956,0.04091115668416023,0.033699531108140945
-0.01812821626663208,0.013579926453530788,0.0006971060647629201
0.01620768941938877,-0.001763471052981913,-0.019141439348459244
-0.006741308607161045,0.011125805787742138,-0.016134444624185562
0.005511782132089138,-0.05665043368935585,-0.017260411754250526
-0.02997579053044319,-0.0030008142348378897,0.0009413415682502091
-0.01084838155657053,-0.02174433507025242,-0.02747359499335289
-0.04889557510614395,0.0029922453686594963,0.020187927410006523
0.045807160437107086,0.02999785915017128,0.026307888329029083
-0.04598883166909218,0.0533599928021431,0.007914885878562927
0.022358566522598267,-0.024349266663193703,-0.02120792120695114
0.01619471237063408,0.01095442846417427,-0.013763291761279106
0.006329304073005915,-0.014957798644900322,-0.04196545481681824
-0.04069440811872482,-0.013394839130342007,0.00607691053301096
0.005161415785551071,-0.002539809560403228,-0.007027359213680029
-0.013047903776168823,-0.054292283952236176,-0.005848405417054892
0.010809451341629028,-0.014861827716231346,0.018783779814839363
0.013845960609614849,0.00040830610669218004,-0.02135363407433033
0.02163187973201275,0.02526784874498844,0.003755431156605482
0.004223861265927553,-0.00017459048831369728,0.03592497110366821
-0.0363602451980114,-0.004469516221433878,-0.058179378509521484
0.0008442856487818062,0.03753845393657684,0.022002721205353737
0.0005227109650149941,0.011715343222022057,-0.025155428797006607
-0.006858097389340401,0.046943631023168564,-0.02483750879764557
0.009083572775125504,0.03093015030026436,0.0371701605618
-0.038488395512104034,0.018522443249821663,-0.01820092648267746
0.02560269832611084,-0.03208180516958237,0.0022800832521170378
0.022786792367696762,-0.0009742791880853474,0.027606062591075897
-0.016220666468143463,-0.0012202054494991899,0.020784027874469757
-0.02395468018949032,-0.05648591369390488,-0.014664065092802048
-0.0415768101811409,0.000747204408980906,0.018134692683815956
-0.019815165549516678,-0.030491424724459648,0.030758770182728767
-0.005378772970288992,-0.006933920085430145,-0.025976721197366714
0.025070661678910255,-0.008390625938773155,0.02657282166182995
-0.030157461762428284,-0.006717985030263662,0.016518598422408104
-0.0036626262590289116,-0.01632881537079811,-0.009325656108558178
0.04622241109609604,0.03474158048629761,0.050681762397289276
-0.014663482084870338,0.005600605625659227,-0.03793846443295479
0.012087640352547169,0.051111526787281036,0.0020764158107340336
-0.002916475757956505,-0.009233801625669003,0.013882511295378208
-0.006575857754796743,0.009254367090761662,-0.026175422593951225
0.009875141084194183,-0.012448837049305439,0.01039863657206297
0.047156721353530884,0.008788220584392548,0.002391024027019739
0.013404758647084236,0.042912840843200684,0.004623088054358959
-0.00903815496712923,-0.02301938086748123,-0.013286410830914974
0.007909196428954601,-0.027365505695343018,-0.010564220137894154
-0.018206074833869934,-0.029641393572092056,-0.04111766815185547
0.01322308648377657,-0.03290441632270813,-0.0678759440779686
0.01875109039247036,-0.0147932767868042,-0.034043945372104645
0.0239027738571167,0.015273133292794228,0.005927885416895151
-0.01172429695725441,0.017740964889526367,-0.03902469202876091
0.0106472447514534,0.001476414268836379,0.029169170185923576
0.024616481736302376,0.024938805028796196,0.022360380738973618
-0.029586493968963623,-0.012681909836828709,-0.04252181574702263
-0.02038613334298134,0.009665671736001968,-0.000365732325008139
0.003763194428756833,-0.003681181464344263,-0.0632660984992981
-0.029275057837367058,0.0031687638256698847,0.0005633974797092378
0.009901094250380993,0.010652804747223854,-0.00310303270816803
-0.0013325277250260115,-0.026817098259925842,0.0042025065049529076
0.017362600192427635,0.008287799544632435,0.027062948793172836
-0.04186229407787323,-0.017590152099728584,-0.012465117499232292
0.009427450597286224,-0.0065808831714093685,-0.009146826341748238
-0.03908531740307808,0.01898859068751335,-0.01076954323798418
-0.04718267172574997,-0.014601333998143673,-0.032613303512334824
-0.004541786387562752,-0.002484968863427639,0.03112967684864998
-0.0033544336911290884,-0.01174961868673563,-0.012233301065862179
-0.0006982996710576117,0.0038731240201741457,-0.0007252552313730121
0.00281752971932292,-0.031067252159118652,-0.016200678423047066
-0.00943393912166357,0.016616730019450188,-0.024294394999742508
0.011562090367078781,0.02012653462588787,0.0036428344901651144
0.019854094833135605,-0.01388840563595295,-0.004659516736865044
-0.00785080250352621,0.006532897707074881,-0.037885479629039764
0.017349625006318092,-0.005401808302849531,-0.018783779814839363
0.027614060789346695,0.00452435715124011,-0.02711593545973301
0.0027785999700427055,-0.012106083333492279,0.02487724833190441
0.002306578680872917,0.009597120806574821,-0.004563478287309408
-0.018309887498617172,-0.02104511670768261,-0.06453777849674225
0.023980632424354553,-0.01949586533010006,0.003086474258452654
0.021203653886914253,0.01723368838429451,0.038945212960243225
-0.0010510991560295224,0.02234758250415325,-0.011107333935797215
-0.028392653912305832,-0.020921723917126656,-0.019856760278344154
-0.009420963004231453,-0.042666058987379074,-0.017578331753611565
0.0025434005074203014,0.006375230383127928,0.002097941469401121
0.001213305862620473,0.003633196000009775,0.003626276273280382
-0.022514283657073975,-0.011242342181503773,-0.041938960552215576
-0.010316343978047371,0.0021456421818584204,-0.007914885878562927
-0.0405646413564682,0.007307522464543581,-0.01330628152936697
-0.00470399297773838,0.033014096319675446,0.009829030372202396
-0.024214209988713264,-0.03959498181939125,-0.006547167431563139
-0.02893766760826111,-0.0057000042870640755,0.006408077199012041
-0.0034485135693103075,0.02081204205751419,0.005570225417613983
-0.0006674804026260972,-0.017315948382019997,-0.031421102583408356
0.015558863058686256,0.01121492125093937,-0.04217740148305893
0.03612666577100754,0.050919584929943085,0.002215505810454488
0.0015060888836160302,0.043543510138988495,0.0027751775924116373
-0.01175025012344122,-0.03633195906877518,0.031421102583408356
-0.03729455545544624,-0.01331943366676569,-0.03330213204026222
0.01625959575176239,0.04453064128756523,-0.0007132504251785576
-0.0008434746414422989,0.029147827997803688,-0.03865378722548485
-0.004337406251579523,-0.0022964540403336287,0.0024903742596507072
0.0015888141933828592,-0.017782093957066536,0.002056545577943325
0.022073082625865936,0.02843489870429039,0.0028132617007941008
0.01772594451904297,0.0332060381770134,-0.008246053010225296
0.004421753343194723,0.013758158311247826,0.017618073150515556
-0.0175053421407938,-0.0013881550403311849,-0.00998136680573225
0.015416121110320091,0.023800861090421677,0.01751209981739521
-0.011873527429997921,0.01704174466431141,-0.028771769255399704
0.006721843965351582,-0.006848231423646212,0.02816242352128029
-0.012567771598696709,0.02348552644252777,0.005788795184344053
-0.028963621705770493,0.009055569767951965,-0.0416475348174572
0.02691332809627056,-0.0056760115548968315,-0.009974743239581585
0.0050478712655603886,-0.0308753103017807,-0.01434614509344101
0.006241712253540754,0.00716356560587883,-0.007822159677743912
0.013975725509226322,0.009549135342240334,-0.029354622587561607
-0.019672423601150513,-0.001046257559210062,-0.015975484624505043
-0.010219019837677479,0.001221062266267836,-0.015697306022047997
-0.024655412882566452,0.007478899322450161,0.030361371114850044
-0.011867038905620575,-0.0081712631508708,-0.018982479348778725
0.0037826593033969402,0.07178646326065063,0.03409693017601967
0.03423209488391876,-0.045106470584869385,-0.0017320022452622652
-0.026017948985099792,-0.02373231016099453,-0.001160739571787417
-0.012171987444162369,0.06443781405687332,0.02552633546292782
-0.007844313979148865,-0.012675055302679539,-0.007636705879122019
0.02640724368393421,0.03375444561243057,0.013736797496676445
0.016687821596860886,-0.015986062586307526,0.004421076271682978
-0.013495594263076782,-0.03923851624131203,-0.007895016111433506
-0.01042664423584938,0.030326902866363525,-0.002801670925691724
0.01897169090807438,-0.02840747870504856,0.013153944164514542
0.03828077018260956,0.005398380570113659,0.01609470508992672
0.004541786387562752,0.00726639200001955,-0.024440107867121696
-0.021034959703683853,-0.019550707191228867,0.00015916702977847308
0.023033345118165016,-0.03611259534955025,0.018624819815158844
-0.0031403210014104843,0.021854016929864883,0.06612738221883774
0.00141930824611336,-0.039759501814842224,-0.022294146940112114
0.004697504919022322,-0.023636339232325554,-0.017710799351334572
-0.00719548761844635,0.023115351796150208,0.02871878258883953
0.043315667659044266,-0.019550707191228867,-0.025685295462608337
-0.026537008583545685,-0.009391468949615955,-0.016545092687010765
0.03340159356594086,0.01945473626255989,-0.016160938888788223
-0.008596953004598618,-0.022717757150530815,-0.03862729296088219
-0.04339352622628212,0.01510861050337553,0.018147939816117287
0.051464930176734924,0.057637568563222885,0.03271927684545517
0.0032960393000394106,-0.0037325946614146233,0.024771274998784065
0.007312276400625706,-0.020277345553040504,-0.008159949444234371
-0.01812821626663208,0.005987918004393578,-0.00433497317135334
0.02945672906935215,0.009672527201473713,-0.00024071685038506985
-0.02146318554878235,0.003239028388634324,-0.018783779814839363
-0.019296104088425636,-0.022964540868997574,-0.003993871156126261
0.00301542179659009,0.005501206964254379,-0.01732664555311203
0.012710513547062874,0.04900015890598297,0.007120085880160332
-0.008616417646408081,-0.018508734181523323,-0.03592497110366821
0.011549114249646664,-0.007759958039969206,0.011736550368368626
0.03472520038485527,-0.02151126228272915,0.0023115440271794796
-0.007734013721346855,-0.03918367624282837,0.010100586339831352
-0.02821098268032074,0.029367191717028618,-0.013789785094559193
0.006085993722081184,0.004976792726665735,-0.0011011295719072223
-0.025693533942103386,-0.008164407685399055,0.007676445879042149
0.014196326956152916,-0.01386784017086029,-0.019922994077205658
-0.016635915264487267,-0.022539524361491203,0.03926313295960426
0.010861357674002647,-0.041295040398836136,-0.017790278419852257
0.03394661098718643,0.032794732600450516,0.02628139592707157
-0.0087526710703969,0.020057983696460724,-0.010504609905183315
0.010614803992211819,0.012044386938214302,0.02924864925444126
0.03013150952756405,-0.03899173066020012,-0.009093839675188065
0.013858936727046967,0.01154396589845419,0.0031907919328659773
-0.024901965633034706,-0.02303309179842472,-0.017445866018533707
-0.008103844709694386,0.003307579318061471,-0.013829524628818035
-0.040071532130241394,0.0017703260527923703,0.0044541931711137295
-0.013151715509593487,0.001599805778823793,-0.0023678424768149853
0.03851434960961342,-0.005837106145918369,0.015246918424963951
0.00945989228785038,0.012202054262161255,0.0068617756478488445
-0.02255321480333805,-0.015177161432802677,-0.04877424240112305
0.0029343185015022755,-0.03912883251905441,-0.009670070372521877
-0.02520042657852173,-0.022059667855501175,0.009650199674069881
-0.022579167038202286,-0.030628526583313942,-0.0019853448029607534
-0.004090852104127407,0.002397566568106413,0.0011027853470295668
0.019451823085546494,0.02281372807919979,-0.0023694983683526516
-0.03706097602844238,-0.015986062586307526,0.023062454536557198
0.004525566007941961,-0.04014338552951813,-0.021446360275149345
-0.020100649446249008,0.01376501377671957,0.00022850507230032235
-0.022799767553806305,-0.016918353736400604,0.03044085018336773
-0.015571839176118374,-0.008555147796869278,-0.050867218524217606
-0.02984602563083172,0.005096756853163242,-0.025976721197366714
-0.03545188903808594,0.0023958527017384768,-0.08080469071865082
-0.008181704208254814,0.020482998341321945,-0.007139955647289753
0.009920558892190456,0.042391855269670486,0.016372885555028915
0.002295224228873849,0.009576556272804737,0.03155357018113136
0.01841370016336441,0.011379444040358067,-0.0022221291437745094
0.008772135712206364,0.01255166344344616,-0.002003558911383152
-0.022527260705828667,-0.045298412442207336,0.011882264167070389
0.01841370016336441,0.03959498181939125,0.043661028146743774
0.04103179648518562,0.008849916979670525,0.008921632543206215
-0.005680477246642113,0.004387255292385817,-0.021380126476287842
0.040357016026973724,0.022566944360733032,-0.06660426408052444
0.005343087483197451,0.024253295734524727,0.03656081110239029
-0.004979744553565979,-0.0037086019292473793,-0.010736427269876003
-0.01671377383172512,-0.01389526017010212,-0.010524480603635311
-0.0001407142699463293,0.02572028525173664,-0.0248507559299469
0.0014079537941142917,0.009583410806953907,0.003576601156964898
0.0065855905413627625,-0.010138672776520252,-0.02202921360731125
0.003283062716946006,0.015190871432423592,-0.019644813612103462
0.06498647481203079,0.0011062396224588156,0.006623335648328066
-0.02333180606365204,0.01523200236260891,0.009987990371882915
0.0115296496078372,0.011674212291836739,0.01235252059996128
-0.010264437645673752,0.004843118600547314,-0.00919981300830841
-0.030676523223519325,-0.012750460766255856,-0.02837437018752098
-0.032155849039554596,-0.05152283236384392,0.014332897961139679
-0.007188999094069004,0.008013595826923847,0.01198161393404007
0.032207753509283066,-0.011221776716411114,-0.013200308196246624
0.03405042365193367,0.00941203348338604,0.013630824163556099
-0.01206168718636036,0.011845589615404606,0.00032723418553359807
0.0253301914781332,-0.011393154039978981,0.020346887409687042
0.010355273261666298,0.027420345693826675,0.01839962601661682
-0.007545853964984417,-0.03175276145339012,-0.027062948793172836
-0.03041699342429638,0.018289370462298393,0.034282386302948
-0.0008167105261236429,0.04214507341384888,0.035262636840343475
-0.00437633553519845,-0.006193570792675018,-0.007292292546480894
0.019101455807685852,0.007711972575634718,0.017538592219352722
0.043601151555776596,0.015780409798026085,-0.006994242314249277
0.026186643168330193,0.03463189676403999,-0.010272793471813202
0.00492783822119236,-0.00997415091842413,-0.019724292680621147
-0.033116113394498825,0.024719441309571266,0.013723551295697689
0.012840279377996922,0.02955913357436657,-0.012451871298253536
-0.00979728251695633,0.0049356622621417046,-0.0011383858509361744
-0.020321249961853027,0.019550707191228867,0.008517609909176826
0.003198715392500162,0.03265763074159622,0.010696686804294586
0.012541819363832474,0.0002966967294923961,-0.005275486968457699
0.012223893776535988,-0.01993459090590477,0.044190894812345505
-0.011075470596551895,0.0036880364641547203,-0.03356706351041794
-0.00903815496712923,0.03046400472521782,0.04442933574318886
-0.006864585913717747,0.01591751165688038,-0.02556607499718666
0.04598883166909218,-0.012503677979111671,-0.021764280274510384
-0.0014914902858436108,-0.010927008464932442,0.003864716272801161
-0.01119225937873125,0.05596492812037468,0.02258557453751564
0.045469772070646286,-0.05396324023604393,-0.0016384476330131292
0.002546644536778331,0.0067968182265758514,0.02013494074344635
0.003970819059759378,0.004469516221433878,0.033540572971105576
0.030235322192311287,-0.006498622242361307,-0.003253713482990861
-0.004415265284478664,-0.03405607119202614,-0.0430251881480217
0.0023909262381494045,0.0024009940680116415,-0.01548535842448473
-0.006786726415157318,-0.023005669936537743,-0.013352644629776478
0.033453501760959625,0.02417103573679924,0.03584549203515053
-0.007351205684244633,0.008280945010483265,0.027526583522558212
0.009738887660205364,0.0045003644190728664,0.009564096108078957
-0.008233609609305859,0.0027763100806623697,-0.0017849889118224382
-0.004454195033758879,0.013079505413770676,-0.00964357703924179
-0.0020762451458722353,-0.010563688352704048,0.04657529667019844
0.018595371395349503,-0.01883777789771557,0.02465205453336239
-0.03397256135940552,0.005617743358016014,-0.0176578126847744
-0.02078840509057045,0.026350952684879303,-0.03478575870394707
-0.0005101399146951735,0.0252541396766901,0.023314140737056732
0.00849314033985138,-0.046669431030750275,0.023579074069857597
0.0253301914781332,0.008095857687294483,-0.044376347213983536
-0.006682914216071367,0.010680224746465683,0.03118266351521015
-0.04879176244139671,-0.009357193484902382,-0.020267406478524208
-0.01025146059691906,-0.022895989939570427,-0.014915751293301582
0.0024363440461456776,-0.005514916963875294,0.012312781065702438
0.05273662880063057,-0.014861827716231346,-0.01612119935452938
-0.0033576779533177614,-0.032794732600450516,0.029963970184326172
0.02945672906935215,0.003588637802749872,-0.020903246477246284
0.025693533942103386,0.012222619727253914,0.032613303512334824
-0.004791584797203541,0.02576141618192196,0.019220920279622078
-0.0297941192984581,0.017178846523165703,-0.028930729255080223
0.05377475172281265,-0.021168507635593414,0.014160691760480404
-0.00880457740277052,0.010762485675513744,-0.014200431294739246
0.0183488167822361,0.021552391350269318,-0.01820092648267746
-0.016415314748883247,-0.01018665824085474,-0.026307888329029083
8.292815618915483e-05,-0.02754373848438263,0.004162766505032778
0.09145860373973846,0.09613573551177979,0.08239429444074631
-0.025693533942103386,0.0008693106938153505,-0.013710304163396358
-0.013339875265955925,0.012352866120636463,0.027606062591075897
-0.02612175978720188,0.020743491128087044,0.00011735722364392132
0.003639917355030775,0.01064594928175211,-0.006043793633580208
-0.010160624980926514,-0.04370803385972977,0.0062822336331009865
-0.007708060555160046,0.01174961868673563,-0.008471245877444744
0.0052035897970199585,-0.022772597149014473,-0.028109436854720116
0.004084363579750061,0.0010042701615020633,0.007252552546560764
-0.002627747831866145,0.04878079518675804,0.06114663556218147
0.015091707929968834,0.00749946478754282,-0.001755183911882341
0.0126650957390666,0.014724725857377052,0.005454316735267639
0.004629378207027912,-0.01208551786839962,0.013531474396586418
0.03376493975520134,0.004328987095504999,0.017644565552473068
0.008032473735511303,-0.00564516382291913,0.021790774539113045
0.005774557124823332,0.008870482444763184,-0.002265180693939328
0.012600213289260864,-0.004846546333283186,-0.0043250382877886295
-0.004188175778836012,-0.009590266272425652,-0.01596223935484886
0.010420155711472034,-0.004469516221433878,0.008696439675986767
-0.02645915001630783,-0.03542708605527878,-0.005507303401827812
-0.0014355289749801159,0.008370060473680496,0.024612314999103546
-0.03545188903808594,0.024472659453749657,-0.014571337960660458
-0.04866199940443039,-0.015629597008228302,-0.0036527696065604687
-0.008434746414422989,0.009480584412813187,0.027579570189118385
-0.048350561410188675,0.02037331648170948,-0.03155357018113136
0.021670809015631676,0.007389783393591642,-0.0022999532520771027
0.020438039675354958,-0.00149526575114578,-0.004411141388118267
-0.009751864708960056,-0.01512232143431902,-0.03218941017985344
-0.020463991910219193,-0.005069336388260126,0.0007020735647529364
0.029093386605381966,0.040390171110630035,0.0007641673437319696
0.04253707453608513,0.0064129335805773735,-0.028639303520321846
-0.03664572909474373,0.0017806087853386998,-0.03918365389108658
-0.030339132994413376,-0.007190985605120659,0.014120951294898987
0.003409584052860737,-0.003127633361145854,-0.017777033150196075
-0.008759159594774246,0.016205424442887306,-0.01733989268541336
0.023747054859995842,0.03024464286863804,0.03836235776543617
-0.032259661704301834,-0.039924025535583496,0.04731711000204086
-0.008116820827126503,-0.031039832159876823,-0.013789785094559193
0.011406372301280499,-0.01020036917179823,0.015167438425123692
-0.00436011515557766,0.01569814793765545,0.004732373170554638
-0.00648826640099287,-0.0217032041400671,-0.012047847732901573
-0.022293683141469955,0.011221776716411114,-0.010345649905502796
-0.005382016766816378,0.009871324524283409,-0.012465117499232292
0.009583169594407082,0.011893575079739094,-0.006967748980969191
0.02333180606365204,0.035481929779052734,-0.009676693007349968
-0.004895396996289492,0.013607346452772617,0.013538097962737083
-0.012016269378364086,0.015725567936897278,-0.017141193151474
-0.030520804226398468,-0.02348552644252777,-0.005437758285552263
-0.03236347436904907,-0.024225875735282898,0.02506270259618759
0.0018913296516984701,0.004596335347741842,0.005699380300939083
-0.06145685911178589,-0.03624969720840454,-0.0049873716197907925
-0.006147632375359535,0.012832721695303917,0.003990559838712215
0.03659382089972496,-0.013127490878105164,-0.017194179818034172
-0.004337406251579523,0.02414361573755741,0.03277226537466049
0.0073641822673380375,-0.020729782059788704,-0.025327635928988457
0.019075503572821617,0.017535312101244926,-0.0005836814525537193
0.020801382139325142,-0.01990717090666294,-0.033143170177936554
-0.0005734005244448781,-0.02731066569685936,-0.03828287869691849
0.0007721037254668772,0.014313421212136745,-0.011226553469896317
0.03145511448383331,0.027228403836488724,0.03269278258085251
-0.004781852476298809,0.02103140577673912,-0.035289131104946136
0.006053552497178316,0.019756359979510307,0.0181744322180748
0.03911127150058746,-8.911612530937418e-05,0.027367621660232544
0.03721669688820839,0.01654817909002304,-0.00664651719853282
-0.02873004414141178,-0.014354551210999489,-0.004755554720759392
0.01908847875893116,0.045133888721466064,0.00910046324133873
-0.013949772343039513,-0.018303081393241882,-0.006136520300060511
0.027614060789346695,-0.04025306925177574,0.005179448518902063
-0.022877627983689308,0.010378601029515266,0.016531845554709435
0.006864585913717747,0.01288756262511015,0.030573317781090736
-0.0030673278961330652,-0.006279259454458952,-0.018783779814839363
0.02142425626516342,0.005007640924304724,0.027765022590756416
0.03428399935364723,0.018001457676291466,-0.05343707278370857
0.006063284818083048,-0.016219135373830795,-0.0079678725451231
-0.0061800736002624035,-0.019084561616182327,-0.0507347509264946
0.02730262465775013,-0.008280945010483265,-0.00032454344909638166
0.0010324453469365835,0.010083832778036594,-0.008457999676465988
-0.027432389557361603,0.010145528241991997,-0.03348758444190025
0.006303350906819105,-0.021881436929106712,-0.009795913472771645
-0.02424016408622265,-0.04949372634291649,-0.015220425091683865
0.024149326607584953,0.017590152099728584,-0.0036759511567652225
-0.012704025954008102,-0.010337470099329948,-0.03664029389619827
0.049492496997117996,0.03227374702692032,-0.017949240282177925
-0.005008941516280174,0.04137730225920677,0.009517733007669449
0.016402337700128555,0.024993645027279854,0.02045286074280739
-0.008129797875881195,0.01523200236260891,-0.009471369907259941
-0.0003828077169600874,-0.004651176277548075,-0.005861652083694935
0.0006285508279688656,-0.012894418090581894,0.0010911945719271898
0.03423209488391876,-0.001974264858290553,0.005149643402546644
-0.029871977865695953,-0.018275661394000053,-0.023314140737056732
0.009330127388238907,-0.007047029212117195,0.020731041207909584
-0.014429904520511627,0.015423945151269436,-0.012531351298093796
-0.008454211056232452,-0.0074651893228292465,0.017141193151474
0.013832983560860157,-0.028928466141223907,-0.007921509444713593
0.012970044277608395,-0.016027191653847694,-0.005348343402147293
0.001964322756975889,0.024280715733766556,0.012643947266042233
-0.03625643253326416,-0.01587638072669506,-0.010173443704843521
-0.00869427714496851,0.002212479244917631,-0.003149396041408181
0.0007376347784884274,0.01466988492757082,0.017988979816436768
-0.005803754087537527,-0.035920653492212296,0.024016214534640312
0.002739670453593135,-0.010344325564801693,-0.00227180402725935
-0.02571948803961277,-0.04496936872601509,-0.029487090185284615
-0.022695954889059067,0.014806986786425114,0.022704795002937317
-0.0011662659235298634,0.022758888080716133,0.029857996851205826
0.0048013171181082726,-0.0051721627824008465,-0.006308726966381073
-0.01942586898803711,-0.006447209045290947,-0.02149934694170952
-0.002546644536778331,-0.014546493999660015,-0.03203045204281807
0.0175053421407938,0.0029202669393271208,-0.057119645178318024
-0.0015141991898417473,0.018207110464572906,-0.02642710879445076
-0.005112753715366125,-0.022320162504911423,0.028824755921959877
-0.0135085703805089,0.01276417076587677,0.015684058889746666
-0.04305613413453102,-0.034357693046331406,0.007596965879201889
-0.009310661815106869,0.0330689363181591,0.004550231620669365
0.023980632424354553,-0.000442153075709939,-0.014809777960181236
-0.02640724368393421,-0.024458948522806168,0.004404518287628889
-0.011010588146746159,0.004709444474428892,0.0039044562727212906
-0.020658640190958977,-0.010865312069654465,0.002753651700913906
-0.017038187012076378,0.04008854553103447,-0.017750538885593414
-0.021437231451272964,0.00756116071715951,-0.007332032546401024
-0.032207753509283066,0.025829967111349106,0.006494180299341679
-0.019335033372044563,-0.0006833664374426007,-0.020068706944584846
0.014157397672533989,0.04499678686261177,0.01892949268221855
-0.023266922682523727,-0.010659659281373024,0.01025292370468378
-0.016752703115344048,-0.020085403695702553,0.011001360602676868
-0.0013828118098899722,0.03309635818004608,0.01752534508705139
0.04855818673968315,-0.0053161196410655975,0.01313407439738512
0.022501308470964432,-0.03446737676858902,0.051873963326215744
0.03228561207652092,0.00514474231749773,-0.031103184446692467
0.05600671470165253,0.029833337292075157,-0.0236453078687191
-0.017375577241182327,0.014107768423855305,-0.01873079314827919
0.022955486550927162,-0.007389783393591642,-0.001181437517516315
-0.001416875165887177,0.013072649948298931,-0.0022833950351923704
0.03488092124462128,0.00927493255585432,-0.008279169909656048
0.013469641096889973,0.049356624484062195,-0.011928627267479897
0.028055263683199883,-0.0024781138636171818,-0.009146826341748238
0.022293683141469955,-0.013710172846913338,0.022294146940112114
0.028340747579932213,0.011838734149932861,0.011557720601558685
0.03981200233101845,-0.005487496964633465,-0.003263648599386215
0.01698628067970276,-0.04014338552951813,0.027950476855039597
-0.04266684129834175,-0.04436612129211426,0.010531103238463402
-0.00018957903375849128,0.026337241753935814,0.027738530188798904
0.00651421956717968,-0.002567230025306344,-0.015180685557425022
0.024629458785057068,-0.00025128177367150784,-0.027606062591075897
-0.024318022653460503,0.010611673817038536,-0.0005584299797192216
0.01631150208413601,0.008685395121574402,0.027447102591395378
0.031299397349357605,-0.008424901403486729,-0.011657070368528366
0.02469434216618538,0.04255637899041176,0.03078526444733143
0.0007664264412596822,0.03553676977753639,0.0011706745717674494
0.01698628067970276,0.021305609494447708,-0.02797696925699711
0.011140353046357632,0.020249925553798676,-0.01783001981675625
0.033790890127420425,0.029641393572092056,-0.011431877501308918
0.008862972259521484,-0.020537840202450752,-0.039792999625205994
0.007578295189887285,-0.02307422086596489,-0.004305168054997921
-0.0373724140226841,-0.058734383434057236,-0.03899820148944855
0.021320443600416183,0.010508847422897816,-0.020042212679982185
-0.04635217413306236,0.045325830578804016,-0.030573317781090736
0.02061971090734005,0.009151540696620941,-0.004421076271682978
-0.010154136456549168,-0.012003256939351559,0.018412873148918152
-0.014403951354324818,-0.026309821754693985,-0.022665053606033325
-0.014650505036115646,-0.014313421212136745,-0.006338532082736492
-0.02844456024467945,-0.021456420421600342,0.007669822778552771
-0.011023564264178276,-0.02107253670692444,-0.023526087403297424
-0.006115191150456667,0.011557675898075104,0.027712035924196243
-0.008376351557672024,0.01726110838353634,0.008597089909017086
-0.005959472618997097,-0.011578241363167763,0.017591578885912895
-0.002274137455970049,0.0032167492900043726,-0.01182265393435955
-0.013262016698718071,-0.042638637125492096,0.0019439490279182792
0.0003471222589723766,-0.008904757909476757,0.0008341263164766133
-0.011425836943089962,-0.016438497230410576,0.009226306341588497
-0.06602460145950317,-0.0027814514469355345,0.0008316425955854356
-0.005849172361195087,0.015136031433939934,-0.01733989268541336
-0.011646438390016556,0.017974037677049637,-0.0052622403018176556
-0.022397495806217194,-0.03378186747431755,-0.011577590368688107
-0.009031666442751884,0.004174747504293919,-0.0059775603003799915
0.028859809041023254,-0.0015209723496809602,0.007782419212162495
0.014910035766661167,0.0270638819783926,-0.022837260738015175
0.00440228870138526,0.015067480504512787,-0.0014563058502972126
-0.028081217780709267,-0.024568630382418633,0.00019994194735772908
0.030287226662039757,-0.03646906092762947,0.02417517453432083
-0.0154031440615654,-0.018193399533629417,0.026903988793492317
0.03306420519948006,0.005422373302280903,0.006934632547199726
0.01988004893064499,0.017768384888768196,-0.010007860139012337
-0.03059866465628147,-0.015273133292794228,0.021989474073052406
0.014261209405958652,-0.01723368838429451,-0.007928133010864258
-0.005751848220825195,-0.020908014848828316,-0.029487090185284615
-0.0260049719363451,-0.018015166744589806,-0.0029010209254920483
0.010024371556937695,0.024938805028796196,0.011524603702127934
-0.025408051908016205,-0.006303252186626196,-0.018439365550875664
-0.018777042627334595,-0.013792433775961399,0.003510367823764682
-0.010498015210032463,-0.027667129412293434,0.019300399348139763
0.03415423259139061,0.004270718898624182,0.024267900735139847
-0.02023041434586048,0.002971680136397481,-0.018426120281219482
-0.03745027258992195,-0.007629711180925369,-0.010458246804773808
-0.01328796986490488,-0.00661173090338707,-0.02589724212884903
-0.010355273261666298,-0.017082875594496727,-0.006480933632701635
0.04079822078347206,0.004531212151050568,-0.007775796111673117
-0.07121521234512329,-0.0102072237059474,0.010935126803815365
-0.027172859758138657,0.0017137716058641672,0.013948745094239712
-0.030287226662039757,0.004178175237029791,-0.0181744322180748
-0.04627431556582451,0.007136145140975714,-0.06872373074293137
0.028314795345067978,0.02304680086672306,-0.004583348054438829
-0.043886635452508926,-0.01219519879668951,-0.01180278416723013
-0.0035555700305849314,0.011358878575265408,0.03764703869819641
0.029560541734099388,-0.01923537254333496,-0.014955491758883
-0.019023597240447998,-0.015561046078801155,0.03799145296216011
0.009518287144601345,-0.03515288233757019,0.018783779814839363
0.030105555430054665,-0.001488410634920001,0.0034805629402399063
0.0192701518535614,0.018892617896199226,0.028930729255080223
0.0036301850341260433,0.00838377047330141,-0.020042212679982185
0.03667168319225311,0.007883349433541298,0.03163304924964905
0.008201168850064278,0.025117037817835808,-0.0022883624769747257
0.028755996376276016,0.0060324762016534805,0.027261648327112198
0.019906001165509224,-0.003170477459207177,0.015591331757605076
0.02413635142147541,0.03699004650115967,-4.232725405017845e-05
0.004149246495217085,0.009446308948099613,0.00018617782916408032
-0.003935133572667837,0.018289370462298393,0.017618073150515556
-0.015130637213587761,-0.005795975681394339,-0.001833008136600256
-0.0029910907614976168,-0.010118108242750168,-0.010908633470535278
0.016103876754641533,0.0017326230881735682,0.0023148558102548122
-0.000637472199741751,-0.0041404725052416325,-0.007742679212242365
-0.04741625115275383,-0.034385114908218384,0.030175916850566864
-0.04282255843281746,-0.00897330790758133,0.021128440275788307
-0.028989573940634727,0.009672527201473713,0.00032040386577136815
-0.011406372301280499,-0.02082575298845768,-0.027791516855359077
0.013884889893233776,-0.00626554898917675,-0.016306651756167412
0.01836179383099079,0.024979935958981514,0.024811014533042908
0.031584881246089935,-0.03040916472673416,0.021141687408089638
-0.030442945659160614,-0.025377530604600906,-0.01356459129601717
-0.024201232939958572,-0.004942517261952162,-0.02221466787159443
0.010595339350402355,-0.035673871636390686,-0.017763786017894745
0.06654366105794907,-0.010083832778036594,0.027579570189118385
-0.0072084637358784676,-0.013518230989575386,-0.0027238468173891306
0.010965170338749886,-0.026570316404104233,0.038441840559244156
-0.02100900560617447,-0.0533599928021431,-0.005431135185062885
0.008635882288217545,0.011235486716032028,0.009954873472452164
-0.007604248356074095,0.009240657091140747,0.006186195183545351
-0.035374026745557785,0.00013121064694132656,-0.0004992338945157826
-0.04082417115569115,-0.012160923331975937,0.015313152223825455
-0.014377998188138008,0.006656289100646973,-0.04132961481809616
-0.027146905660629272,-0.02643321454524994,0.004126338288187981
0.02339668944478035,0.025144457817077637,-0.004480686504393816
-0.02067161723971367,-0.04697105288505554,-0.002334725810214877
0.0002775761531665921,0.007115579675883055,-0.013961991295218468
0.03223370760679245,0.01185244508087635,-0.01940637268126011
-0.025083638727664948,-0.020291056483983994,-0.025672048330307007
0.04663765802979469,-0.0212507676333189,-0.02470504119992256
0.011004099622368813,0.019619258120656013,-0.0005708487587980926
-0.0432637594640255,-0.033260881900787354,-0.009994613006711006
0.03926698863506317,0.04784850403666496,0.03587198629975319
0.017699990421533585,-0.01265448983758688,0.01305459439754486
0.006507731042802334,0.013264592736959457,0.018691053614020348
0.0007583161350339651,-0.044475801289081573,0.015631072223186493
0.04118751361966133,-0.003096785396337509,0.022545835003256798
0.01903657428920269,0.05327773466706276,0.015339645557105541
0.02571948803961277,-0.0474097803235054,-0.020346887409687042
0.007201975677162409,-0.03422059118747711,0.03926313295960426
0.022358566522598267,-0.025692865252494812,0.019697800278663635
0.005420946516096592,0.002858571009710431,0.029805010184645653
-0.004914861638098955,0.01971522904932499,-0.023711541667580605
-0.021034959703683853,0.021401580423116684,0.018240666016936302
-0.019127409905195236,0.0005985347670502961,0.007245928980410099
-0.016116853803396225,0.014930378645658493,0.026029707863926888
0.011399883776903152,0.054484229534864426,0.07513511925935745
0.03075438179075718,0.015218292362987995,0.014571337960660458
0.01653210259974003,-0.006166150327771902,0.006358402315527201
-0.02078840509057045,-0.0033367134165018797,0.0315270759165287
-0.027172859758138657,-0.004407820757478476,0.0038514696061611176
0.004519077483564615,-0.0064369263127446175,0.00564639363437891
-0.011659414507448673,-0.0013127491110935807,0.0033398170489817858
-0.027328578755259514,-0.019070850685238838,0.0039011447224766016
-0.005761580541729927,-0.0009417175315320492,0.0010191657347604632
-0.017479389905929565,-0.002952828537672758,-0.03934261202812195
0.004214128945022821,-0.007016181014478207,-0.0047754249535501
-0.010472062043845654,-0.02443152852356434,-0.02712918259203434
-0.0370350256562233,-0.02258065529167652,-0.03830937296152115
0.00787675566971302,0.02418474480509758,-0.036984704434871674
0.003030020510777831,0.0051036118529737,0.01857183314859867
0.010257949121296406,-0.0009794204961508512,-0.010504609905183315
0.008266051299870014,0.0016152297612279654,-0.016743792220950127
-0.01614280603826046,0.004723154474049807,-0.010504609905183315
0.002570975571870804,0.004963082727044821,-0.040375854820013046
0.013021950609982014,-0.005816541146486998,0.0024423550348728895
0.011094935238361359,0.033233460038900375,0.0019439490279182792
0.0014955453807488084,-0.0037668701261281967,0.01957857981324196
0.03615261986851692,0.0045860530808568,0.013511604629456997
-0.018738113343715668,-0.009192670695483685,-0.008756049908697605
0.016804609447717667,-0.048424333333969116,-0.016240417957305908
0.010789986699819565,0.031643081456422806,0.02677152305841446
0.000806167081464082,-0.0062449839897453785,0.0008279169560410082
0.01027741376310587,-0.00986446999013424,0.029805010184645653
0.016168760135769844,0.0033984091132879257,0.04098520055413246
-0.020697569474577904,-0.012599648907780647,-0.008636829443275928
0.00015247425471898168,-0.016205424442887306,-0.005013864953070879
0.010043836198747158,-0.0031721913255751133,0.03547458350658417
-0.012327706441283226,0.016178004443645477,-0.02065156027674675
0.005755092483013868,0.038196541368961334,0.014770038425922394
0.007240905426442623,-0.00043465534690767527,0.0006813756190240383
-0.01705116406083107,-0.030573686584830284,-0.006454440299421549
-0.000468777259811759,0.012825867161154747,0.023367127403616905
0.0038962040562182665,-0.0032287458889186382,0.0008034933707676828
-0.028185028582811356,-0.02667999640107155,0.013478487730026245
0.0040648989379405975,-0.013045229949057102,0.01060396060347557
-0.021450208500027657,-0.01682238280773163,-0.048376843333244324
-0.004249814432114363,-0.007074449211359024,0.011186813935637474
-0.026043901219964027,0.0011910712346434593,-0.016717299818992615
0.004243326373398304,0.049603406339883804,0.05219188332557678
-0.01206168718636036,0.02735179476439953,-0.0030500460416078568
0.008103844709694386,0.005895374342799187,0.01666431315243244
0.01994493044912815,-0.03364476561546326,0.0017469048034399748
-0.03425804525613785,-0.011502834968268871,-0.018147939816117287
0.03687930479645729,0.01543765515089035,-0.00572587363421917
0.01014116033911705,-0.004397538024932146,0.040163908153772354
-0.0685160905122757,-0.011221776716411114,0.02066480740904808
0.0073187644593417645,0.04491452872753143,0.011219930835068226
0.02503173239529133,0.0005801116931252182,0.006212688982486725
0.036853354424238205,0.020304765552282333,-0.008279169909656048
-0.004824026022106409,-0.012339156121015549,-0.010643700137734413
0.016116853803396225,-0.012078662402927876,-0.029487090185284615
0.0025515106972306967,-0.013394839130342007,0.0005729185068048537
-0.03514045104384422,-0.02236129157245159,0.005984183866530657
0.019854094833135605,-0.019564416259527206,0.01666431315243244
-0.008681300096213818,0.012949258089065552,0.003328226041048765
-0.017297718673944473,0.024047642946243286,0.02360556833446026
0.00600489042699337,0.017727253958582878,0.011570966802537441
-0.013177668675780296,0.009603976272046566,-0.03375251963734627
-0.0281071700155735,0.00039716658648103476,0.004947631619870663
0.008110333234071732,-0.01905713975429535,-0.04344908148050308
-0.009823235683143139,-0.005158452782779932,-0.01217369083315134
0.017687013372778893,0.003084789030253887,0.01749885268509388
-0.015039801597595215,-0.004006797913461924,-0.03746158629655838
-0.010264437645673752,-0.016287686303257942,-0.0006163841462694108
-0.015883276239037514,-0.012935548089444637,-0.006692880764603615
-0.02797740511596203,0.012140357866883278,0.015140945091843605
-0.01711604744195938,-0.002161066047847271,-0.00369913293980062
0.04752006381750107,0.029613973572850227,-0.02098272740840912
0.024798154830932617,-0.03158823773264885,-0.01997598074376583
-0.00603084359318018,0.010673370212316513,-0.0385478138923645
0.04295232519507408,0.011571385897696018,-0.018412873148918152
0.006819168105721474,0.029230089858174324,-0.002717223484069109
0.0008694276912137866,-0.028037304058670998,-0.0015937400748953223
-0.031013913452625275,0.024554919451475143,0.02324790693819523
-0.011458278633654118,-0.037702977657318115,0.025420362129807472
0.003425804665312171,-0.016904642805457115,-0.03857430815696716
0.006280642002820969,0.0037702976260334253,-0.006245805416256189
0.004412021022289991,0.0001298182032769546,0.006411388982087374
0.021541044116020203,-0.009789063595235348,0.01804196648299694
-0.015364214777946472,0.016507048159837723,-0.006259052082896233
0.01280134916305542,0.03827880322933197,-0.009603836573660374
-0.034984733909368515,-0.010193513706326485,-0.006576972082257271
-0.014948965981602669,0.003921109717339277,-0.009405136108398438
-0.035322122275829315,0.007869639433920383,-0.0023926799185574055
-0.04853223264217377,0.0015055483672767878,0.021605320274829865
0.007383646909147501,0.016027191653847694,-0.04570101574063301
0.0056934538297355175,-0.05067279934883118,-0.04360803961753845
0.04700100049376488,-0.009240657091140747,-0.006391518749296665
0.010024371556937695,0.02620014175772667,-0.02641386166214943
0.04668956622481346,0.06345067918300629,-0.002175765810534358
-0.03420614078640938,0.014354551210999489,-0.0022171614691615105
-0.026030924171209335,0.03400123119354248,-0.010623830370604992
-0.0038053682073950768,0.031670499593019485,-0.008981242775917053
0.013716194778680801,0.007999885827302933,-0.028586316853761673
-0.025849252939224243,-0.0036606162320822477,-0.030175916850566864
0.048921529203653336,0.01487553771585226,0.0016343080205842853
-0.013443687930703163,-0.055361680686473846,-0.003420952707529068
0.023915749043226242,-0.002255323575809598,0.002329758368432522
-0.010439620353281498,-0.004116479307413101,-0.02050584740936756
-0.0002471623884048313,-0.05289384722709656,0.005010553169995546
0.001165454857982695,0.015149741433560848,-0.008742802776396275
0.005774557124823332,0.0009065851918421686,-0.005964313633739948
-0.024824107065796852,-0.032822154462337494,0.018426120281219482
-0.05434571951627731,-0.026282401755452156,-0.02032039314508438
-0.025226378813385963,-0.02327987365424633,-0.005361590068787336
-0.023721102625131607,0.012270605191588402,-0.020214419811964035
-0.014650505036115646,0.009309208020567894,0.006802165415138006
-0.018335841596126556,0.012373431585729122,0.03486523777246475
0.029949838295578957,-0.015629597008228302,-0.01716768555343151
-0.01637638360261917,0.011715343222022057,-0.006302103865891695
0.01721985824406147,0.00525785144418478,-0.01853209361433983
0.015260402113199234,0.01876922696828842,0.01873079314827919
0.04315994679927826,0.032356008887290955,0.014425625093281269
-0.014546693302690983,0.018220819532871246,-0.011796160601079464
-0.0036593822296708822,-0.012825867161154747,-0.024744780734181404
-0.009777817875146866,0.004445523489266634,0.019737539812922478
0.04957035556435585,0.018028877675533295,0.010133703239262104
0.020541850477457047,-0.00369831919670105,0.015220425091683865
0.03755408525466919,-0.018755516037344933,0.004974124953150749
-0.0035263728350400925,-0.00048199828597716987,-0.017260411754250526
-0.0022108766715973616,-0.011386298574507236,0.008345402777194977
-0.012697537429630756,0.006406078580766916,-0.0027188791427761316
